episodesIndexJP,episodesIndexTW,episodesNameTW,episodesNameJP,broadcastTime,ratings,mangaVolume
1,1,雲霄飛車殺人事件,ジェットコースター殺人事件,1996/1/8,8.50%,File.1
2,2,社長千金綁架事件,社長令嬢誘拐事件,1996/1/15,11.90%,File.2-5
3,3,偶像密室殺人事件,アイドル密室殺人事件,1996/1/22,11.40%,File.6-9
4,4,大都會暗號地圖事件,大都會暗號マップ事件,1996/1/29,12.20%,File.36-39
5,5,新幹線大爆破事件,新幹線大爆破事件,1996/2/5,13.40%,File.33-35
6,6,情人節殺人事件,バレンタイン殺人事件,1996/2/12,12.00%,-
7,7,每月一件禮物恐嚇事件,月いちプレゼント脅迫事件,1996/2/19,12.70%,File.26-29
8,8,美術館老闆殺人事件,美術館オーナー殺人事件,1996/2/26,13.10%,File.30-32
9,9,“天下一”夜祭殺人事件,天下一夜祭殺人事件,1996/3/4,13.00%,File.59-61
10,10,職業足球選手恐嚇事件,プロサッカー選手脅迫事件,1996/3/11,13.70%,File.68-71
11,11,鋼琴奏鳴曲《月光》殺人事件（1）,ピアノソナタ「月光」殺人事件,1996/4/8,12.90%,File.62-67
11,12,鋼琴奏鳴曲《月光》殺人事件（2）,ピアノソナタ「月光」殺人事件,1996/4/8,12.90%,File.62-67
12,13,步美綁架事件,歩美ちゃん誘拐事件,1996/4/15,13.60%,File.81-83
13,14,奇怪的尋親殺人事件,奇妙な人捜し殺人事件,1996/4/22,12.70%,File.13-16
14,15,謎之訊息狙擊事件,謎のメッセージ狙撃事件,1996/4/29,13.50%,-
15,16,消失的屍體殺人事件,消えた死體殺人事件,1996/5/13,13.90%,File.56-58
16,17,古董收藏家殺人事件,骨董品コレクター殺人事件,1996/5/20,12.30%,File.52-55
17,18,百貨公司搶劫事件,デパートジャック事件,1996/5/27,15.70%,-
18,19,六月新娘殺人事件,6月の花嫁殺人事件,1996/6/3,14.60%,File.78-80
19,20,電梯殺人事件,エレベーター殺人事件,1996/6/10,15.60%,-
20,21,鬼屋殺人事件,幽霊屋敷殺人事件,1996/6/17,14.30%,File.17-19
21,22,電視劇外景隊殺人事件,TVドラマロケ殺人事件,1996/6/24,13.40%,-
22,23,豪華客輪連續殺人事件（前篇）,豪華客船連続殺人事件（前編）,1996/7/1,12.80%,File.20-25
23,24,豪華客輪連續殺人事件（後篇）,豪華客船連続殺人事件（後編）,1996/7/8,13.40%,File.20-25
24,25,謎之美女失憶事件,謎の美女記憶喪失事件,1996/7/15,14.40%,-
25,26,虛假贖金綁架事件,偽りの身代金誘拐事件,1996/7/22,16.20%,-
26,27,愛犬約翰殺人事件,愛犬ジョン殺人事件,1996/7/29,13.60%,-
27,28,小五郎同學會殺人事件（前篇）,小五郎の同窓會殺人事件（前編）,1996/8/5,13.40%,File.84-86
28,29,小五郎同學會殺人事件（後篇）,小五郎の同窓會殺人事件（後編）,1996/8/12,12.60%,File.84-86
29,30,電腦殺人事件,コンピューター殺人事件,1996/8/19,12.90%,-
30,31,不在場證言殺人事件,アリバイ証言殺人事件,1996/8/26,13.70%,-
31,32,電視臺殺人事件,テレビ局殺人事件,1996/9/2,13.20%,File.102-104
32,33,咖啡廳殺人事件,コーヒーショップ殺人事件,1996/9/9,14.30%,File.105-107
33,34,偵探團求生事件,探偵団サバイバル事件,1996/10/14,14.70%,-
34,35,山莊繃帶怪人殺人事件（前篇）,山荘包帯男殺人事件（前編）,1996/10/21,17.80%,File.40-44
35,36,山莊繃帶怪人殺人事件（後篇）,山荘包帯男殺人事件（後編）,1996/10/28,18.70%,File.40-44
36,37,週一晚7:30殺人事件,月曜夜7時30分殺人事件,1996/11/4,17.00%,-
37,38,仙人掌花殺人事件,サボテンの花殺人事件,1996/11/11,18.50%,-
38,39,赤鬼村火祭殺人事件,赤鬼村火祭殺人事件,1996/11/18,17.80%,File.10-12
39,40,企業家千金殺人事件（前篇）,資産家令嬢殺人事件（前編）,1996/11/25,17.40%,File.87-91
40,41,企業家千金殺人事件（後篇）,資産家令嬢殺人事件（後編）,1996/12/2,17.10%,File.87-91
41,42,優勝錦旗被割事件,優勝旗切り裂き事件,1996/12/9,17.60%,-
42,43,卡拉OK廳殺人事件,カラオケボックス殺人事件,1996/12/16,17.50%,File.45-48
43,44,江戶川柯南綁架事件,江戸川コナン誘拐事件,1997/1/13,18.80%,File.49-51
44,45,堀田三兄妹殺人事件,堀田三兄弟殺人事件,1997/1/20,17.60%,-
45,46,敷面膜殺人事件,顔パック殺人事件,1997/1/27,17.00%,-
46,47,雪山山莊殺人事件,雪山山荘殺人事件,1997/2/3,18.00%,File.99-101
47,48,運動俱樂部殺人事件,スポーツクラブ殺人事件,1997/2/10,16.60%,-
48,49,外交官殺人事件（前篇）,外交官殺人事件（前編）,1997/2/17,19.00%,File.92-96
49,50,外交官殺人事件（後篇）,外交官殺人事件（後編）,1997/2/24,18.20%,File.92-96
50,51,圖書館殺人事件,図書館殺人事件,1997/3/3,16.80%,File.96-98
51,52,高爾夫練習場殺人事件,ゴルフ練習場殺人事件,1997/3/10,15.30%,-
52,53,霧天狗傳說殺人事件（1）,霧天狗伝説殺人事件,1997/3/17,17.90%,File.108-110
52,54,霧天狗傳說殺人事件（2）,霧天狗伝説殺人事件,1997/3/17,17.90%,File.108-110
53,55,謎之兇器殺人事件,謎の兇器殺人事件,1997/4/7,17.30%,-
54,56,遊戲公司殺人事件,ゲーム會社殺人事件,1997/4/14,19.10%,File.114-116
55,57,列車詭計殺人事件,列車トリック殺人事件,1997/4/21,18.40%,-
56,58,清潔公司殺人事件,おじゃマンボウ殺人事件,1997/4/28,17.60%,-
57,59,福爾摩斯迷殺人事件（前篇）,ホームズ·フリーク殺人事件（前編）,1997/5/5,16.00%,File.117-121
58,60,福爾摩斯迷殺人事件（後篇）,ホームズ·フリーク殺人事件（後編）,1997/5/12,16.50%,File.117-121
59,61,首次跑腿殺人事件,初めてのお使い殺人事件,1997/5/19,19.20%,-
60,62,插畫家殺人事件,イラストレーター殺人事件,1997/5/26,19.50%,File.125-127
61,63,幽靈船殺人事件（前篇）,幽霊船殺人事件（前編）,1997/6/2,19.10%,-
62,64,幽靈船殺人事件（後篇）,幽霊船殺人事件（後編）,1997/6/9,20.80%,-
63,65,大怪獸哥美拉殺人事件,大怪獣ゴメラ殺人事件,1997/6/16,17.70%,File.128-130
64,66,第3個指紋殺人事件,第3の指紋殺人事件,1997/6/23,18.00%,-
65,67,螃蟹與鯨魚綁架事件,カニとクジラ誘拐事件,1997/6/30,17.30%,-
66,68,夜路殺人事件,暗闇の道殺人事件,1997/7/7,18.00%,-
67,69,舞臺女演員殺人事件,舞臺女優殺人事件,1997/7/14,19.30%,-
68,70,暗夜男爵殺人事件（事件篇）,闇の男爵殺人事件（事件篇）,1997/7/21,17.50%,File.72-77
69,71,暗夜男爵殺人事件（疑惑篇）,闇の男爵殺人事件（疑惑篇）,1997/7/28,18.20%,File.72-77
70,72,暗夜男爵殺人事件（解決篇）,闇の男爵殺人事件（解決篇）,1997/8/4,17.20%,File.72-77
71,73,跟蹤狂殺人事件,ストーカー殺人事件,1997/8/11,13.20%,-
72,74,三胞胎別墅殺人事件,三つ子別荘殺人事件,1997/8/18,18.30%,File.122-124
73,75,少年偵探團遇險事件,少年探偵団遭難事件,1997/8/25,18.80%,-
74,76,死神陣內殺人事件,死神陣內殺人事件,1997/9/1,19.30%,-
75,77,金融公司社長殺人事件,金融會社社長殺人事件,1997/9/8,18.50%,File.147-149
76,78,柯南VS怪盜基德（1）,コナンVS怪盜キッド,1997/9/22,21.70%,File.156-159
76,79,柯南VS怪盜基德（2）,コナンVS怪盜キッド,1997/9/22,21.70%,File.156-159
77,80,名門連續慘死事件（前篇）,名家連続変死事件（前編）,1997/10/20,19.10%,File.150-153
78,81,名門連續慘死事件（後篇）,名家連続変死事件（後編）,1997/10/27,19.80%,File.150-153
79,82,銀行強盜殺人事件,銀行強盜殺人事件,1997/11/3,18.90%,-
80,83,流浪畫家殺人事件,放浪畫家殺人事件,1997/11/10,19.20%,-
81,84,當紅歌星綁架事件（前篇）,人気アーティスト誘拐事件（前編）,1997/11/17,20.60%,File.144-146
82,85,當紅歌星綁架事件（後篇）,人気アーティスト誘拐事件（後編）,1997/11/24,20.60%,File.144-146
83,86,綜合醫院殺人事件,総合病院殺人事件,1997/12/1,23.10%,-
84,87,滑雪別墅殺人事件（前篇）,スキーロッジ殺人事件（前編）,1997/12/8,19.70%,File.139-143
85,88,滑雪別墅殺人事件（後篇）,スキーロッジ殺人事件（後編）,1997/12/15,21.20%,File.139-143
86,89,綁架現場確定事件,誘拐現場特定事件,1998/1/12,22.70%,SVFile.2
87,90,白鶴報恩殺人事件,鶴の恩返し殺人事件,1998/1/19,20.80%,-
88,91,德休拉別墅殺人事件（前篇）,ドラキュラ荘殺人事件（前編）,1998/1/26,20.80%,-
89,92,德休拉別墅殺人事件（後篇）,ドラキュラ荘殺人事件（後編）,1998/2/2,20.00%,-
90,93,花香殺人事件,花の香り殺人事件,1998/2/9,22.80%,-
91,94,搶劫犯住院事件,強盜犯人入院事件,1998/2/16,21.50%,File.166
92,95,恐怖登山殺人事件（前篇）,恐怖のトラヴァース殺人事件（前編）,1998/2/23,19.70%,-
93,96,恐怖登山殺人事件（後篇）,恐怖のトラヴァース殺人事件（後編）,1998/3/2,19.90%,-
94,97,雪女傳說殺人事件,雪女伝説殺人事件,1998/3/9,21.20%,-
95,98,小五郎約會殺人事件,小五郎のデート殺人事件,1998/3/16,16.80%,-
96,99,走投無路的名偵探！連續兩大殺人事件（1）,追いつめられた名探偵！連続2大殺人事件,1998/3/23,22.40%,"File.131-133, 134-138"
96,100,走投無路的名偵探！連續兩大殺人事件（2）,追いつめられた名探偵！連続2大殺人事件,1998/3/23,22.40%,"File.131-133, 134-138"
96,101,走投無路的名偵探！連續兩大殺人事件（3）,追いつめられた名探偵！連続2大殺人事件,1998/3/23,22.40%,"File.131-133, 134-138"
96,102,走投無路的名偵探！連續兩大殺人事件（4）,追いつめられた名探偵！連続2大殺人事件,1998/3/23,22.40%,"File.131-133, 134-138"
97,103,離別美酒殺人事件,別れのワイン殺人事件,1998/4/13,20.10%,-
98,104,名陶藝家殺人事件（前篇）,名陶芸家殺人事件（前編）,1998/4/20,19.50%,File.160-162
99,105,名陶藝家殺人事件（後篇）,名陶芸家殺人事件（後編）,1998/4/27,18.60%,File.160-162
100,106,初戀情人回憶事件（前篇）,初戀の人想い出事件（前編）,1998/5/11,20.30%,File.173-175
101,107,初戀情人回憶事件（後篇）,初戀の人想い出事件（後編）,1998/5/18,19.50%,File.173-175
102,108,時代劇演員殺人事件（前篇）,時代劇俳優殺人事件（前編）,1998/5/25,17.70%,File.170-172
103,109,時代劇演員殺人事件（後篇）,時代劇俳優殺人事件（後編）,1998/6/1,17.60%,File.170-172
104,110,盜賊團謎之洋館事件（前篇）,盜賊団謎の洋館事件（前編）,1998/6/8,17.30%,File.167-169
105,111,盜賊團謎之洋館事件（後篇）,盜賊団謎の洋館事件（後編）,1998/6/15,19.10%,File.167-169
106,112,獨家照片殺人事件,スクープ寫真殺人事件,1998/6/22,19.80%,-
107,113,鼴鼠星人謎之事件（前篇）,モグラ星人謎の事件（前編）,1998/6/29,18.50%,-
108,114,鼴鼠星人謎之事件（後篇）,モグラ星人謎の事件（後編）,1998/7/6,19.80%,-
109,115,偵探團大追蹤事件,探偵団大追跡事件,1998/7/13,16.70%,-
110,116,烹飪教室殺人事件（前篇）,料理教室殺人事件（前編）,1998/7/27,19.10%,-
111,117,烹飪教室殺人事件（後篇）,料理教室殺人事件（後編）,1998/8/3,18.00%,-
112,118,帝丹小學七大不可思議事件,帝丹小7不思議事件,1998/8/10,18.90%,File.154-155
113,119,白色沙灘殺人事件,白い砂浜殺人事件,1998/8/17,18.40%,SVFile.6
114,120,有氧潛水殺人事件（前篇）,スキューバダイビング殺人事件（前編）,1998/8/24,20.10%,File.163-165
115,121,有氧潛水殺人事件（後篇）,スキューバダイビング殺人事件（後編）,1998/8/31,19.80%,File.163-165
116,122,推理作家失蹤事件（前篇）,ミステリー作家失蹤事件（前編）,1998/9/7,19.70%,File.182-184
117,123,推理作家失蹤事件（後篇）,ミステリー作家失蹤事件（後編）,1998/9/14,17.40%,File.182-184
118,124,浪花的連續殺人事件（1）,浪花の連続殺人事件,1998/9/21,21.20%,File.185-188
118,125,浪花的連續殺人事件（2）,浪花の連続殺人事件,1998/9/21,21.20%,File.185-188
119,126,假面超人殺人事件,仮面ヤイバー殺人事件,1998/10/12,18.00%,-
120,127,蜂蜜雞尾酒殺人事件,ハニーカクテル殺人事件,1998/10/19,18.20%,-
121,128,浴室密室事件（前篇）,バスルーム密室事件（前編）,1998/10/26,20.90%,File.197-199
122,129,浴室密室事件（後篇）,バスルーム密室事件（後編）,1998/11/2,20.00%,File.197-199
123,130,天氣預報小姐綁架事件,お天気お姉さん誘拐事件,1998/11/9,21.70%,-
124,131,謎之狙擊者殺人事件（前篇）,謎の狙撃者殺人事件（前編）,1998/11/16,19.90%,-
125,132,謎之狙擊者殺人事件（後篇）,謎の狙撃者殺人事件（後編）,1998/11/23,16.40%,-
126,133,旅行劇團殺人事件（前篇）,旅芝居一座殺人事件（前編）,1998/11/30,20.10%,-
127,134,旅行劇團殺人事件（後篇）,旅芝居一座殺人事件（後編）,1998/12/7,21.30%,-
128,135,黑衣組織10億日元搶劫事件,黒の組織10億円強奪事件,1998/12/14,20.90%,-
129,136,來自黑衣組織的女子 大學教授殺人事件（1）,黒の組織から來た女 大學教授殺人事件,1999/1/4,20.90%,"File.176-178, 179-181"
129,137,來自黑衣組織的女子 大學教授殺人事件（2）,黒の組織から來た女 大學教授殺人事件,1999/1/4,20.90%,"File.176-178, 179-181"
129,138,來自黑衣組織的女子 大學教授殺人事件（3）,黒の組織から來た女 大學教授殺人事件,1999/1/4,20.90%,"File.176-178, 179-181"
129,139,來自黑衣組織的女子 大學教授殺人事件（4）,黒の組織から來た女 大學教授殺人事件,1999/1/4,20.90%,"File.176-178, 179-181"
130,140,競技場無差別脅迫事件（前篇）,競技場無差別脅迫事件（前編）,1999/1/11,21.30%,File.189-191
131,141,競技場無差別脅迫事件（後篇）,競技場無差別脅迫事件（後編）,1999/1/18,23.20%,File.189-191
132,142,魔術愛好者殺人事件（事件篇）,奇術愛好家殺人事件（事件篇）,1999/1/25,21.90%,File.192-196
133,143,魔術愛好者殺人事件（疑惑篇）,奇術愛好家殺人事件（疑惑篇）,1999/2/1,21.20%,File.192-196
134,144,魔術愛好者殺人事件（解決篇）,奇術愛好家殺人事件（解決篇）,1999/2/8,23.00%,File.192-196
135,145,消失的兇器搜尋事件,消えた兇器捜索事件,1999/2/15,22.60%,-
136,146,藍色古堡探索事件（前篇）,青の古城探索事件（前編）,1999/2/22,22.80%,File.200-203
137,147,藍色古堡探索事件（後篇）,青の古城探索事件（後編）,1999/3/1,23.40%,File.200-203
138,148,最後的上映殺人事件（前篇）,最後の上映殺人事件（前編）,1999/3/8,21.10%,File.222-224
139,149,最後的上映殺人事件（後篇）,最後の上映殺人事件（後編）,1999/3/15,21.30%,File.222-224
140,150,SOS！來自步美的訊息,SOS！歩美からのメッセージ,1999/4/12,18.40%,-
141,151,結婚前夜的密室事件（前篇）,結婚前夜の密室事件（前編）,1999/4/19,19.40%,File.211-214
142,152,結婚前夜的密室事件（後篇）,結婚前夜の密室事件（後編）,1999/4/26,18.70%,File.211-214
143,153,可疑的天體觀測,疑惑の天體観測,1999/5/3,15.60%,-
144,154,上野出發的北斗星3號（前篇）,上野発北斗星3號（前編）,1999/5/10,18.90%,File.215-218
145,155,上野出發的北斗星3號（後篇）,上野発北斗星3號（後編）,1999/5/17,19.40%,File.215-218
146,156,本廳刑警戀愛物語（前篇）,本庁の刑事戀物語（前編）,1999/5/24,21.00%,File.208-210
147,157,本廳刑警戀愛物語（後篇）,本庁の刑事戀物語（後編）,1999/5/31,20.20%,File.208-210
148,158,有軌電車急刹車事件,路面電車急停止事件,1999/6/7,19.70%,-
149,159,遊樂園蹦極事件,遊園地バンジー事件,1999/6/21,19.30%,-
150,160,汽車爆炸事件的真相（前篇）,自動車爆発事件の真相（前編）,1999/6/28,17.20%,-
151,161,汽車爆炸事件的真相（後篇）,自動車爆発事件の真相（後編）,1999/7/5,19.50%,-
152,162,謎之老人失蹤事件,謎の老人失蹤事件,1999/7/12,19.60%,-
153,163,園子的危險夏日物語（前篇）,園子のアブない夏物語（前編）,1999/7/19,18.30%,File.219-221
154,164,園子的危險夏日物語（後篇）,園子のアブない夏物語（後編）,1999/7/26,17.30%,File.219-221
155,165,水中鑰匙密室事件,水中の鍵密室事件,1999/8/2,16.40%,-
156,166,本廳刑警戀愛物語2（前篇）,本庁の刑事戀物語2（前編）,1999/8/9,16.90%,File.231-233
157,167,本廳刑警戀愛物語2（後篇）,本庁の刑事戀物語2（後編）,1999/8/16,13.60%,File.231-233
158,168,沉默的環狀線,沈黙の環狀線,1999/8/23,17.80%,-
159,169,詭異的五重塔傳說（前篇）,怪奇五重塔伝説（前編）,1999/9/6,19.30%,-
160,170,詭異的五重塔傳說（後篇）,怪奇五重塔伝説（後編）,1999/9/13,17.70%,-
161,171,流水亭流淌的殺意,流水亭に流れる殺意,1999/9/20,20.10%,-
162,172,飛天密室 工藤新一最初的事件（1）,空飛ぶ密室 工藤新一最初の事件,1999/9/27,19.80%,File.204-207
162,173,飛天密室 工藤新一最初的事件（2）,空飛ぶ密室 工藤新一最初の事件,1999/9/27,19.80%,File.204-207
163,174,月亮、星星與太陽的秘密（前篇）,月と星と太陽の秘密（前編）,1999/10/11,17.30%,File.111-113
164,175,月亮、星星與太陽的秘密（後篇）,月と星と太陽の秘密（後編）,1999/10/18,18.30%,File.111-113
165,176,少年偵探團消失事件,少年探偵団消失事件,1999/10/25,18.00%,-
166,177,鳥取蜘蛛屋之怪（事件篇）,鳥取クモ屋敷の怪（事件編）,1999/11/1,18.50%,File.246-250
167,178,鳥取蜘蛛屋之怪（疑惑篇）,鳥取クモ屋敷の怪（疑惑編）,1999/11/8,17.70%,File.246-250
168,179,鳥取蜘蛛屋之怪（解決篇）,鳥取クモ屋敷の怪（解決編）,1999/11/15,17.60%,File.246-250
169,180,維納斯之吻,ビーナスのキッス,1999/11/22,18.10%,-
170,181,黑暗中的死角（前篇）,暗闇の中の死角（前編）,1999/11/29,17.50%,File.234-237
171,182,黑暗中的死角（後篇）,暗闇の中の死角（後編）,1999/12/6,17.90%,File.234-237
172,183,復活的死亡訊息（前篇）,よみがえる死の伝言（前編）,1999/12/13,17.30%,File.243-245
173,184,復活的死亡訊息（後篇）,よみがえる死の伝言（後編）,1999/12/20,15.90%,File.243-245
174,185,第二十年的殺意 新佛尼號連續殺人事件（1）,二十年目の殺意 シンフォニー號連続殺人事件,2000/1/3,14.60%,File.225-230
174,186,第二十年的殺意 新佛尼號連續殺人事件（2）,二十年目の殺意 シンフォニー號連続殺人事件,2000/1/3,14.60%,File.225-230
174,187,第二十年的殺意 新佛尼號連續殺人事件（3）,二十年目の殺意 シンフォニー號連続殺人事件,2000/1/3,14.60%,File.225-230
174,188,第二十年的殺意 新佛尼號連續殺人事件（4）,二十年目の殺意 シンフォニー號連続殺人事件,2000/1/3,14.60%,File.225-230
175,189,慘遭四次殺害的男子,四回殺された男,2000/1/10,18.00%,-
176,190,與黑衣組織的再會（灰原篇）,黒の組織との再會（灰原編）,2000/1/17,22.00%,File.238-242
177,191,與黑衣組織的再會（柯南篇）,黒の組織との再會（コナン編）,2000/1/24,18.80%,File.238-242
178,192,與黑衣組織的再會（解決篇）,黒の組織との再會（解決編）,2000/1/31,19.50%,File.238-242
179,193,咖啡廳卡車撞入事件,喫茶店トラック亂入事件,2000/2/7,20.10%,-
180,194,紅色殺意夜想曲（前篇）,赤い殺意の夜想曲（前編）,2000/2/14,20.10%,-
181,195,紅色殺意夜想曲（後篇）,赤い殺意の夜想曲（後編）,2000/2/21,20.10%,-
182,196,九道門大搜索,大捜索 9つのドア,2000/2/28,21.00%,-
183,197,危險的食譜,危険なレシピ,2000/3/6,19.50%,-
184,198,詛咒假面在冷笑（1）,呪いの仮面は冷たく笑う,2000/3/13,20.10%,-
184,199,詛咒假面在冷笑（2）,呪いの仮面は冷たく笑う,2000/3/13,20.10%,-
185,200,被殺害的名偵探（前篇）,殺された名探偵（前編）,2000/4/10,16.20%,-
186,201,被殺害的名偵探（後篇）,殺された名探偵（後編）,2000/4/17,18.90%,-
187,202,黑暗中傳來的謎之槍聲,闇に響く謎の銃聲,2000/4/24,21.60%,-
188,203,危命的復活 洞窟中的偵探團,命がけの復活 洞窟の探偵団,2000/5/1,19.80%,File.251-253
189,204,危命的復活 負傷的名偵探,命がけの復活 負傷した名探偵,2000/5/8,20.60%,"File.251-253, 254-257"
190,205,危命的復活 第三個選擇,命がけの復活 第三の選択,2000/5/15,19.80%,File.254-257
191,206,危命的復活 黑衣騎士,命がけの復活 黒衣の騎士,2000/5/22,20.20%,File.254-257
192,207,危命的復活 歸來的新一…,命がけの復活 帰ってきた新一…,2000/5/29,20.30%,File.258-260
193,208,危命的復活 約定的地點,命がけの復活 約束の場所,2000/6/5,20.10%,File.258-260
194,209,意味深長的音樂盒（前篇）,意味深なオルゴール（前編）,2000/6/12,19.30%,File.261-263
195,210,意味深長的音樂盒（後篇）,意味深なオルゴール（後編）,2000/6/19,18.90%,File.261-263
196,211,看不見的兇器 小蘭的初次推理,見えない兇器 蘭の初推理,2000/6/26,18.70%,-
197,212,超級跑車的陷阱（前篇）,スーパーカーの罠（前編）,2000/7/3,16.30%,-
198,213,超級跑車的陷阱（後篇）,スーパーカーの罠（後編）,2000/7/10,16.80%,-
199,214,嫌疑人·毛利小五郎（前篇）,容疑者·毛利小五郎（前編）,2000/7/17,18.70%,File.264-266
200,215,嫌疑人·毛利小五郎（後篇）,容疑者·毛利小五郎（後編）,2000/7/24,19.20%,File.264-266
201,216,第10位乘客（前篇）,10人目の乗客（前編）,2000/7/31,19.20%,-
202,217,第10位乘客（後篇）,10人目の乗客（後編）,2000/8/7,16.70%,-
203,218,黑色伊卡洛斯之翼（前篇）,黒いイカロスの翼（前編）,2000/8/14,14.20%,-
204,219,黑色伊卡洛斯之翼（後篇）,黒いイカロスの翼（後編）,2000/8/21,18.70%,-
205,220,本廳刑警戀愛物語3（前篇）,本庁の刑事戀物語3（前編）,2000/8/28,19.20%,File.267-269
206,221,本廳刑警戀愛物語3（後篇）,本庁の刑事戀物語3（後編）,2000/9/4,18.60%,File.267-269
207,222,過於順利的名推理,見事すぎた名推理,2000/9/11,21.40%,-
208,223,通往迷宮的入口 巨大神像的憤怒（1）,迷宮への入口 巨大神像の怒り,2000/10/9,18.60%,-
208,224,通往迷宮的入口 巨大神像的憤怒（2）,迷宮への入口 巨大神像の怒り,2000/10/9,18.60%,-
209,225,龍神山墜崖事件,龍神山転落事件,2000/10/16,18.90%,-
210,226,五彩傳說的水中豪宅（前篇）,五彩伝説の水禦殿（前編）,2000/10/23,19.60%,-
211,227,五彩傳說的水中豪宅（後篇）,五彩伝説の水禦殿（後編）,2000/10/30,20.40%,-
212,228,蘑菇、熊與偵探團（前篇）,きのこと熊と探偵団（前編）,2000/11/6,18.20%,File.273-275
213,229,蘑菇、熊與偵探團（後篇）,きのこと熊と探偵団（後編）,2000/11/13,19.70%,File.273-275
214,230,復古客房的謎之事件,レトロルームの謎事件,2000/11/20,19.40%,-
215,231,復仇海灣（前篇）,ベイ·オブ·ザ·リベンジ（前編）,2000/11/27,17.90%,-
216,232,復仇海灣（後篇）,ベイ·オブ·ザ·リベンジ（後編）,2000/12/4,18.10%,-
217,233,目暮塵封的秘密（前篇）,封印された目暮の秘密（前編）,2000/12/11,19.20%,File.284-286
218,234,目暮塵封的秘密（後篇）,封印された目暮の秘密（後編）,2000/12/18,18.10%,File.284-286
219,235,被召集的名偵探！工藤新一VS怪盜基德（1）,集められた名探偵！工藤新一VS怪盜キッド,2001/1/8,17.60%,"MKChpt.21-22, File.299-302"
219,236,被召集的名偵探！工藤新一VS怪盜基德（2）,集められた名探偵！工藤新一VS怪盜キッド,2001/1/8,17.60%,"MKChpt.21-22, File.299-302"
219,237,被召集的名偵探！工藤新一VS怪盜基德（3）,集められた名探偵！工藤新一VS怪盜キッド,2001/1/8,17.60%,"MKChpt.21-22, File.299-302"
219,238,被召集的名偵探！工藤新一VS怪盜基德（4）,集められた名探偵！工藤新一VS怪盜キッド,2001/1/8,17.60%,"MKChpt.21-22, File.299-302"
220,239,滿口謊言的委託人（前篇）,偽りだらけの依頼人（前編）,2001/1/15,17.50%,File.276-278
221,240,滿口謊言的委託人（後篇）,偽りだらけの依頼人（後編）,2001/1/22,20.30%,File.276-278
222,241,人魚失蹤記（事件篇）,そして人魚はいなくなった（事件編）,2001/1/29,19.20%,File.279-283
223,242,人魚失蹤記（推理篇）,そして人魚はいなくなった（推理編）,2001/2/5,19.60%,File.279-283
224,243,人魚失蹤記（解決篇）,そして人魚はいなくなった（解決編）,2001/2/12,19.90%,File.279-283
225,244,生意興隆的秘密,商売繁盛のヒミツ,2001/2/19,21.60%,-
226,245,格鬥遊戲的陷阱（前篇）,バトルゲームの罠（前編）,2001/2/26,20.90%,File.270-272
227,246,格鬥遊戲的陷阱（後篇）,バトルゲームの罠（後編）,2001/3/5,20.40%,File.270-272
228,247,暗藏殺機的陶藝教室（前篇）,殺意の陶芸教室（前編）,2001/3/12,19.40%,File.305-307
229,248,暗藏殺機的陶藝教室（後篇）,殺意の陶芸教室（後編）,2001/3/19,19.80%,File.305-307
230,249,神秘乘客（前篇）,謎めいた乗客（前編）,2001/4/16,18.40%,File.287-289
231,250,神秘乘客（後篇）,謎めいた乗客（後編）,2001/4/23,19.30%,File.287-289
232,251,公寓墜樓事件,マンション転落事件,2001/5/7,15.80%,-
233,252,未消失的證據（前篇）,消えなかった証拠（前編）,2001/5/14,18.50%,File.290-292
234,253,未消失的證據（後篇）,消えなかった証拠（後編）,2001/5/21,19.50%,File.290-292
235,254,葡萄酒窖密室,密室のワインセラー,2001/5/28,17.80%,-
236,255,南紀白濱推理之旅（前篇）,南紀白浜ミステリーツアー（前編）,2001/6/4,14.70%,-
237,256,南紀白濱推理之旅（後篇）,南紀白浜ミステリーツアー（後編）,2001/6/11,17.70%,-
238,257,大阪“3K”事件（前篇）,大阪“3つのK”事件（前編）,2001/6/18,17.30%,File.293-295
239,258,大阪“3K”事件（後篇）,大阪“3つのK”事件（後編）,2001/6/25,16.30%,File.293-295
240,259,新幹線押送事件（前篇）,新幹線護送事件（前編）,2001/7/2,17.00%,File.296-298
241,260,新幹線押送事件（後篇）,新幹線護送事件（後編）,2001/7/9,16.70%,File.296-298
242,261,少年元太的災難,元太少年の災難,2001/7/16,19.40%,File.303-304
243,262,毛利小五郎的冒充者（前篇）,毛利小五郎のニセ者（前編）,2001/7/23,19.70%,File.308-310
244,263,毛利小五郎的冒充者（後篇）,毛利小五郎のニセ者（後編）,2001/7/30,18.40%,File.308-310
245,264,向日葵館的槍聲,ヒマワリ館の銃聲,2001/8/6,18.20%,-
246,265,網中謎（前篇）,網にかかった謎（前編）,2001/8/13,13.60%,File.311-313
247,266,網中謎（後篇）,網にかかった謎（後編）,2001/8/20,19.60%,File.311-313
248,267,療養森林的不在場證明,癒しの森のアリバイ,2001/8/27,19.30%,-
249,268,偶像們的秘密（前篇）,アイドル達の秘密（前編）,2001/9/3,18.80%,File.322-324
250,269,偶像們的秘密（後篇）,アイドル達の秘密（後編）,2001/9/10,20.90%,File.322-324
251,270,OK牧場的悲劇,OK牧場の悲劇,2001/9/17,19.40%,-
252,271,畫中的綁架犯,絵の中の誘拐犯,2001/10/8,17.50%,-
253,272,本廳刑警戀愛物語4（前篇）,本庁の刑事戀物語4（前編）,2001/10/15,17.30%,File.328-330
254,273,本廳刑警戀愛物語4（後篇）,本庁の刑事戀物語4（後編）,2001/10/22,20.50%,File.328-330
255,274,松江玉造14回合連句大戰（前篇）,松江玉造連句14番勝負（前編）,2001/10/29,19.30%,-
256,275,松江玉造14回合連句大戰（後篇）,松江玉造連句14番勝負（後編）,2001/11/5,18.60%,-
257,276,世界奇妙天罰,世にも奇妙な天罰,2001/11/12,19.60%,-
258,277,來自芝加哥的男子（前篇）,シカゴから來た男（前編）,2001/11/19,19.30%,File.325-327
259,278,來自芝加哥的男子（後篇）,シカゴから來た男（後編）,2001/11/26,18.20%,File.325-327
260,279,搖晃的餐廳,揺れるレストラン,2001/12/3,17.30%,-
261,280,雪夜的恐怖傳說（前篇）,雪の夜の恐怖伝説（前編）,2001/12/10,19.50%,-
262,281,雪夜的恐怖傳說（後篇）,雪の夜の恐怖伝説（後編）,2001/12/17,18.80%,-
263,282,大阪雙重謎案 浪花劍士與太閣之城（1）,大阪ダブルミステリー 浪花剣士と太閤の城,2002/1/7,19.50%,"File.314-316, 317-321"
263,283,大阪雙重謎案 浪花劍士與太閣之城（2）,大阪ダブルミステリー 浪花剣士と太閤の城,2002/1/7,19.50%,"File.314-316, 317-321"
263,284,大阪雙重謎案 浪花劍士與太閣之城（3）,大阪ダブルミステリー 浪花剣士と太閤の城,2002/1/7,19.50%,"File.314-316, 317-321"
263,285,大阪雙重謎案 浪花劍士與太閣之城（4）,大阪ダブルミステリー 浪花剣士と太閤の城,2002/1/7,19.50%,"File.314-316, 317-321"
264,286,法庭的對決 妃VS小五郎（前篇）,法廷の対決 妃VS小五郎（前編）,2002/1/14,17.80%,-
265,287,法庭的對決 妃VS小五郎（後篇）,法廷の対決 妃VS小五郎（後編）,2002/1/21,21.30%,-
266,288,情人節的真相（事件篇）,バレンタインの真実（事件編）,2002/1/28,20.40%,File.331-334
267,289,情人節的真相（推理篇）,バレンタインの真実（推理編）,2002/2/4,20.00%,File.331-334
268,290,情人節的真相（解決篇）,バレンタインの真実（解決編）,2002/2/11,21.20%,File.331-334
269,291,犯罪的遺物（前篇）,犯罪の忘れ形見（前編）,2002/2/18,18.70%,File.335-337
270,292,犯罪的遺物（後篇）,犯罪の忘れ形見（後編）,2002/3/4,19.70%,File.335-337
271,293,遮擋與匆忙省略（前篇）,隠して急いで省略（前編）,2002/3/11,19.60%,File.338-340
272,294,遮擋與匆忙省略（後篇）,隠して急いで省略（後編）,2002/3/18,20.90%,File.338-340
273,295,猜謎婆婆失蹤事件,クイズ婆さん失蹤事件,2002/4/8,17.90%,-
274,296,幽靈屋的真相（前篇）,幽霊屋敷の真実（前編）,2002/4/15,17.80%,File.355-357
275,297,幽靈屋的真相（後篇）,幽霊屋敷の真実（後編）,2002/4/22,18.30%,File.355-357
276,298,員警手冊遺失事件,員警手帳紛失事件,2002/5/6,19.40%,-
277,299,英語教師VS關西名偵探（前篇）,英語教師VS西の名探偵（前編）,2002/5/13,17.70%,File.341-343
278,300,英語教師VS關西名偵探（後篇）,英語教師VS西の名探偵（後編）,2002/5/20,16.90%,File.341-343
279,301,足球流氓謎案（前篇）,迷宮のフーリガン（前編）,2002/5/27,16.70%,File.344-346
280,302,足球流氓謎案（後篇）,迷宮のフーリガン（後編）,2002/6/3,17.10%,File.344-346
281,303,小小的目擊者們,小さな目撃者たち,2002/6/10,13.20%,-
282,304,水流石庭的玄機（前篇）,水流るる石庭の怪（前編）,2002/6/17,16.50%,-
283,305,水流石庭的玄機（後篇）,水流るる石庭の怪（後編）,2002/6/24,16.60%,-
284,306,中華街 雨中的似曾相識（前篇）,中華街 雨のデジャビュ（前編）,2002/7/1,17.30%,File.347-349
285,307,中華街 雨中的似曾相識（後篇）,中華街 雨のデジャビュ（後編）,2002/7/8,17.50%,File.347-349
286,308,工藤新一紐約事件（事件篇）,工藤新一NYの事件（事件編）,2002/7/15,17.30%,File.350-354
287,309,工藤新一紐約事件（推理篇）,工藤新一NYの事件（推理編）,2002/7/22,16.50%,File.350-354
288,310,工藤新一紐約事件（解決篇）,工藤新一NYの事件（解決編）,2002/7/29,15.80%,File.350-354
289,311,光彥森林迷失記（前篇）,迷いの森の光彥（前編）,2002/8/5,15.00%,File.358-360
290,312,光彥森林迷失記（後篇）,迷いの森の光彥（後編）,2002/8/12,14.70%,File.358-360
291,313,孤島的公主與龍宮城（事件篇）,孤島の姫と龍宮城（事件編）,2002/8/19,17.00%,File.361-365
292,314,孤島的公主與龍宮城（探索篇）,孤島の姫と龍宮城（追求編）,2002/8/26,18.00%,File.361-365
293,315,孤島的公主與龍宮城（解決篇）,孤島の姫と龍宮城（解決編）,2002/9/2,18.40%,File.361-365
294,316,愛與決斷的扣球（前篇）,愛と決斷のスマッシュ（前編）,2002/9/9,16.70%,-
295,317,愛與決斷的扣球（後篇）,愛と決斷のスマッシュ（後編）,2002/9/16,16.60%,-
296,318,屋形船 奪命海釣,屋形船 釣りショック,2002/10/14,15.40%,-
297,319,法庭的對決Ⅱ 妃VS九條（前篇）,法廷の対決Ⅱ 妃VS九條（前編）,2002/10/21,16.90%,-
298,320,法庭的對決Ⅱ 妃VS九條（後篇）,法廷の対決Ⅱ 妃VS九條（後編）,2002/10/28,16.80%,-
299,321,友情與殺意的關門海峽（前篇）,友情と殺意の関門海峽（前編）,2002/11/4,16.30%,-
300,322,友情與殺意的關門海峽（後篇）,友情と殺意の関門海峽（後編）,2002/11/18,15.30%,-
301,323,惡意與聖者的遊行（前篇）,悪意と聖者の行進（前編）,2002/11/25,15.40%,File.366-368
302,324,惡意與聖者的遊行（後篇）,悪意と聖者の行進（後編）,2002/12/2,16.30%,File.366-368
303,325,歸來的被害者,戻ってきた被害者,2002/12/9,16.40%,-
304,326,震動的警視廳 1200萬人質（1）,揺れる警視庁 1200萬人の人質,2003/1/6,17.00%,File.369-373
304,327,震動的警視廳 1200萬人質（2）,揺れる警視庁 1200萬人の人質,2003/1/6,17.00%,File.369-373
304,328,震動的警視廳 1200萬人質（3）,揺れる警視庁 1200萬人の人質,2003/1/6,17.00%,File.369-373
304,329,震動的警視廳 1200萬人質（4）,揺れる警視庁 1200萬人の人質,2003/1/6,17.00%,File.369-373
305,330,未被看見的嫌疑人（前篇）,見えない容疑者（前編）,2003/1/13,15.40%,File.374-376
306,331,未被看見的嫌疑人（後篇）,見えない容疑者（後編）,2003/1/20,16.20%,File.374-376
307,332,遺留的無聲證言（前篇）,殘された聲なき証言（前編）,2003/1/27,16.50%,File.377-379
308,333,遺留的無聲證言（後篇）,殘された聲なき証言（後編）,2003/2/3,16.20%,File.377-379
309,334,與黑衣組織的接觸（交涉篇）,黒の組織との接觸（交渉編）,2003/2/10,13.40%,File.380-383
310,335,與黑衣組織的接觸（追蹤篇）,黒の組織との接觸（追跡編）,2003/2/17,15.80%,File.380-383
311,336,與黑衣組織的接觸（決死篇）,黒の組織との接觸（決死編）,2003/2/24,16.40%,File.380-383
312,337,夕陽染紅的女兒節人偶（前篇）,夕日に染まった雛人形（前編）,2003/3/3,16.10%,File.384-386
313,338,夕陽染紅的女兒節人偶（後篇）,夕日に染まった雛人形（後編）,2003/3/10,14.30%,File.384-386
314,339,扶手損毀的瞭望台,壊れた柵の展望台,2003/3/17,14.30%,-
315,340,陽光普照的地方,陽のあたる場所,2003/4/14,14.30%,-
316,341,被玷污的假面英雄（前篇）,汚れた仮面ヒーロー（前編）,2003/4/21,15.40%,File.387-389
317,342,被玷污的假面英雄（後篇）,汚れた仮面ヒーロー（後編）,2003/4/28,15.00%,File.387-389
318,343,幸運的雪茄盒（前篇）,幸運のシガーケース（前編）,2003/5/5,14.60%,-
319,344,幸運的雪茄盒（後篇）,幸運のシガーケース（後編）,2003/5/12,15.10%,-
320,345,忍法·製造不在場證明之術,忍法アリバイ工作の術,2003/5/19,13.10%,-
321,346,消失的綁架逃逸車（前篇）,消えた誘拐逃走車（前編）,2003/5/26,14.20%,-
322,347,消失的綁架逃逸車（後篇）,消えた誘拐逃走車（後編）,2003/6/2,14.10%,-
323,348,服部平次走投無路！（前篇）,服部平次絶體絶命！（前編）,2003/6/9,16.80%,File.390-392
324,349,服部平次走投無路！（後篇）,服部平次絶體絶命！（後編）,2003/6/16,15.60%,File.390-392
325,350,火焰中的赤馬（事件篇）,炎の中に赤い馬（事件編）,2003/6/23,16.00%,File.393-397
326,351,火焰中的赤馬（搜查篇）,炎の中に赤い馬（捜査編）,2003/6/30,14.80%,File.393-397
327,352,火焰中的赤馬（解決篇）,炎の中に赤い馬（解決編）,2003/7/7,16.10%,File.393-397
328,353,生日葡萄酒之謎,バースデーワインの謎,2003/7/14,14.20%,-
329,354,金錢買不到的友情（前篇）,お金で買えない友情（前編）,2003/7/28,16.00%,File.398-400
330,355,金錢買不到的友情（後篇）,お金で買えない友情（後編）,2003/8/4,14.50%,File.398-400
331,356,可疑的辣味咖喱（前篇）,疑惑の辛口カレー（前編）,2003/8/11,13.90%,File.407-409
332,357,可疑的辣味咖喱（後篇）,疑惑の辛口カレー（後編）,2003/8/18,15.00%,File.407-409
333,358,相似的公主（前篇）,似た者プリンセス（前編）,2003/8/25,12.90%,File.413-416
334,359,相似的公主（後篇）,似た者プリンセス（後編）,2003/9/1,15.00%,File.413-416
335,360,東都現像所的秘密（前篇）,東都現像所の秘密（前編）,2003/9/8,12.90%,File.417-419
336,361,東都現像所的秘密（後篇）,東都現像所の秘密（後編）,2003/9/15,12.50%,File.417-419
337,362,墜落事件的內幕,転落事件の裏事情,2003/10/13,14.70%,-
338,363,4台保時捷（前篇）,4台のポルシェ（前編）,2003/10/20,13.90%,File.420-422
339,364,4台保時捷（後篇）,4台のポルシェ（後編）,2003/10/27,11.70%,File.420-422
340,365,廁所裡隱藏的秘密（前篇）,トイレに隠した秘密（前編）,2003/11/3,12.10%,File.423-425
341,366,廁所裡隱藏的秘密（後篇）,トイレに隠した秘密（後編）,2003/11/10,13.10%,File.423-425
342,367,豪斯登堡的新娘（1）,ハウステンボスの花嫁,2003/11/17,12.90%,-
342,368,豪斯登堡的新娘（2）,ハウステンボスの花嫁,2003/11/17,12.90%,-
343,369,便利店的陷阱（前篇）,コンビニの落とし穴（前編）,2003/12/1,13.00%,File.426-428
344,370,便利店的陷阱（後篇）,コンビニの落とし穴（後編）,2003/12/8,16.00%,File.426-428
345,371,與黑衣組織正面對決 滿月之夜的雙重謎案（1）,黒の組織と真っ向勝負 満月の夜の二元ミステリー,2004/1/5,16.70%,File.429-434
345,372,與黑衣組織正面對決 滿月之夜的雙重謎案（2）,黒の組織と真っ向勝負 満月の夜の二元ミステリー,2004/1/5,16.70%,File.429-434
345,373,與黑衣組織正面對決 滿月之夜的雙重謎案（3）,黒の組織と真っ向勝負 満月の夜の二元ミステリー,2004/1/5,16.70%,File.429-434
345,374,與黑衣組織正面對決 滿月之夜的雙重謎案（4）,黒の組織と真っ向勝負 満月の夜の二元ミステリー,2004/1/5,16.70%,File.429-434
345,375,與黑衣組織正面對決 滿月之夜的雙重謎案（5）,黒の組織と真っ向勝負 満月の夜の二元ミステリー,2004/1/5,16.70%,File.429-434
346,376,去尋找屁股上的印記（前篇）,お尻のマークを探せ（前編）,2004/1/12,12.50%,File.435-437
347,377,去尋找屁股上的印記（後篇）,お尻のマークを探せ（後編）,2004/1/19,14.70%,File.435-437
348,378,愛、幽靈與地球遺產（前篇）,愛と幽霊と地球遺産（前編）,2004/1/26,13.50%,-
349,379,愛、幽靈與地球遺產（後篇）,愛と幽霊と地球遺産（後編）,2004/2/2,13.40%,-
350,380,被遺忘的手機（前篇）,忘れられた攜帯電話（前編）,2004/2/9,14.10%,File.438-440
351,381,被遺忘的手機（後篇）,忘れられた攜帯電話（後編）,2004/2/16,12.20%,File.438-440
352,382,釣魚大賽的悲劇（前篇）,フィッシング大會の悲劇（前編）,2004/2/23,13.60%,-
353,383,釣魚大賽的悲劇（後篇）,フィッシング大會の悲劇（後編）,2004/3/1,13.80%,-
354,384,小小的委託人（前篇）,小さな依頼者（前編）,2004/3/8,14.10%,File.401-403
355,385,小小的委託人（後篇）,小さな依頼者（後編）,2004/3/15,13.00%,File.401-403
356,386,怪盜基德令人驚異的空中漫步（1）,怪盜キッドの驚異空中歩行,2004/4/12,13.70%,File.453-456
356,387,怪盜基德令人驚異的空中漫步（2）,怪盜キッドの驚異空中歩行,2004/4/12,13.70%,File.453-456
357,388,戀人是春天的幻影,戀人は春のまぼろし,2004/4/26,12.40%,-
358,389,本廳刑警戀愛物語5（前篇）,本庁の刑事戀物語5（前編）,2004/5/3,8.80%,File.404-406
359,390,本廳刑警戀愛物語5（後篇）,本庁の刑事戀物語5（後編）,2004/5/10,12.80%,File.404-406
360,391,不可思議的春季獨角仙,不思議な春のかぶと蟲,2004/5/17,13.70%,-
361,392,帝丹高中學校怪談（前篇）,帝丹高校學校怪談（前編）,2004/5/24,14.00%,File.457-459
362,393,帝丹高中學校怪談（後篇）,帝丹高校學校怪談（後編）,2004/5/31,13.10%,File.457-459
363,394,都市的烏鴉,都會のカラス,2004/6/7,11.50%,-
364,395,都市共時性事件（前篇）,シンクロにシティ事件（前編）,2004/6/14,13.10%,-
365,396,都市共時性事件（後篇）,シンクロにシティ事件（後編）,2004/6/21,14.00%,-
366,397,眾目睽睽之下的碼頭慘劇（前篇）,丸見え埠頭の慘劇（前編）,2004/7/5,13.20%,File.460-462
367,398,眾目睽睽之下的碼頭慘劇（後篇）,丸見え埠頭の慘劇（後編）,2004/7/12,13.00%,File.460-462
368,399,魔女棲息的糖果屋,魔女の棲むお菓子の家,2004/7/26,12.70%,-
369,400,幸運兒疑案,ツイてる男のサスペンス,2004/8/2,13.70%,-
370,401,四處逃竄的遊戲軟體,逃げ回るゲームソフト,2004/8/9,11.50%,-
371,402,沉默的航線（前篇）,物言わぬ航路（前編）,2004/8/23,11.80%,File.463-465
372,403,沉默的航線（後篇）,物言わぬ航路（後編）,2004/8/30,13.10%,File.463-465
373,404,劇毒蜘蛛的陷阱,猛毒蜘蛛の罠,2004/9/6,12.60%,-
374,405,星星與香煙的暗號（前篇）,星と煙草の暗號（前編）,2004/10/18,12.60%,File.466-469
375,406,星星與香煙的暗號（後篇）,星と煙草の暗號（後編）,2004/10/25,14.40%,File.466-469
376,407,時限是15:00！,タイムリミットは15時！,2004/11/1,12.40%,-
377,408,桃太郎解謎之旅（前篇）,桃太郎謎解きツアー（前編）,2004/11/8,14.90%,-
378,409,桃太郎解謎之旅（後篇）,桃太郎謎解きツアー（後編）,2004/11/15,15.00%,-
379,410,溫泉雪夜長袖和服事件（前篇）,秘湯雪闇振袖事件（前編）,2004/11/22,13.50%,-
380,411,溫泉雪夜長袖和服事件（後篇）,秘湯雪闇振袖事件（後編）,2004/11/29,11.80%,-
381,412,誰的推理秀（前篇）,どっちの推理ショー（前編）,2004/12/6,13.50%,File.441-444
382,413,誰的推理秀（後篇）,どっちの推理ショー（後編）,2004/12/13,12.80%,File.441-444
383,414,甲子園的奇跡！絕不能輸給看不見的惡魔（1）,甲子園の奇跡！見えない悪魔に負けず嫌い,2004/12/20,12.50%,File.445-449
383,415,甲子園的奇跡！絕不能輸給看不見的惡魔（2）,甲子園の奇跡！見えない悪魔に負けず嫌い,2004/12/20,12.50%,File.445-449
383,416,甲子園的奇跡！絕不能輸給看不見的惡魔（3）,甲子園の奇跡！見えない悪魔に負けず嫌い,2004/12/20,12.50%,File.445-449
383,417,甲子園的奇跡！絕不能輸給看不見的惡魔（4）,甲子園の奇跡！見えない悪魔に負けず嫌い,2004/12/20,12.50%,File.445-449
384,418,目標是毛利小五郎,標的は毛利小五郎,2005/1/17,11.70%,-
385,419,斯特拉迪瓦裡小提琴的不協和音（前奏曲）,ストラディバリウスの不協和音（前奏曲）,2005/1/24,12.30%,File.470-474
386,420,斯特拉迪瓦裡小提琴的不協和音（間奏曲）,ストラディバリウスの不協和音（間奏曲）,2005/1/31,12.40%,File.470-474
387,421,斯特拉迪瓦裡小提琴的不協和音（尾奏曲）,ストラディバリウスの不協和音（後奏曲）,2005/2/7,12.90%,File.470-474
388,422,醉倒在薩摩的小五郎（前篇）,薩摩に酔う小五郎（前編）,2005/2/14,12.30%,-
389,423,醉倒在薩摩的小五郎（後篇）,薩摩に酔う小五郎（後編）,2005/2/21,12.90%,-
390,424,本廳刑警戀愛物語6（前篇）,本庁の刑事戀物語6（前編）,2005/2/28,13.20%,File.450-452
391,425,本廳刑警戀愛物語6（後篇）,本庁の刑事戀物語6（後編）,2005/3/7,11.50%,File.450-452
392,426,神秘的20cm身高差,謎めく身長差20cm,2005/3/14,12.50%,-
393,427,疑似綁架事件,誘拐…らしい事件,2005/3/21,10.50%,-
394,428,奇異屋宇大冒險（封印篇）,奇抜な屋敷の大冒険（封印編）,2005/4/18,11.40%,File.475-478
395,429,奇異屋宇大冒險（機關篇）,奇抜な屋敷の大冒険（絡繰編）,2005/4/25,11.40%,File.475-478
396,430,奇異屋宇大冒險（解決篇）,奇抜な屋敷の大冒険（解決編）,2005/5/2,10.00%,File.475-478
397,431,辛辣苦口的甜美果汁,辛く苦く甘い汁,2005/5/9,12.90%,-
398,432,奇怪一家的委託（前篇）,奇妙な一家の依頼（前編）,2005/5/16,12.70%,File.479-483
399,433,奇怪一家的委託（後篇）,奇妙な一家の依頼（後編）,2005/5/23,12.20%,File.479-483
400,434,心存疑惑的小蘭,疑惑を持った蘭,2005/5/30,12.30%,File.479-483
401,435,珠寶強盜現行犯（前篇）,寶石強盜現行犯（前編）,2005/6/6,10.60%,File.484-486
402,436,珠寶強盜現行犯（後篇）,寶石強盜現行犯（後編）,2005/6/13,11.40%,File.484-486
403,437,不可思議的天使之館（前篇）,不思議な天使の館（前編）,2005/6/20,11.50%,-
404,438,不可思議的天使之館（後篇）,不思議な天使の館（後編）,2005/6/27,11.00%,-
405,439,去叫救護車的男子,救急車を呼びに行った男,2005/7/4,13.00%,-
406,440,柯南平次的推理魔術（機關篇）,コナン平次の推理マジック（仕掛編）,2005/7/11,11.40%,File.487-490
407,441,柯南平次的推理魔術（宅第篇）,コナン平次の推理マジック（館編）,2005/7/25,10.80%,File.487-490
408,442,柯南平次的推理魔術（解決篇）,コナン平次の推理マジック（解決編）,2005/8/1,8.60%,File.487-490
409,443,舞臺劇與綁架案同步進行（前篇）,同時進行舞臺と誘拐（前編）,2005/8/8,8.70%,-
410,444,舞臺劇與綁架案同步進行（後篇）,同時進行舞臺と誘拐（後編）,2005/8/15,10.30%,-
411,445,神社鳥居驚人暗號（前篇）,神社鳥居ビックリ暗號（前編）,2005/8/22,11.20%,File.491-493
412,446,神社鳥居驚人暗號（後篇）,神社鳥居ビックリ暗號（後編）,2005/8/29,8.40%,File.491-493
413,447,二分之一的完美犯罪之謎,完全半分犯罪の謎,2005/9/5,10.10%,-
414,448,偵探團青鳥追蹤記,青い鳥を追う探偵団,2005/9/12,12.60%,-
415,449,佛滅日出現的惡靈（事件篇）,仏滅に出る悪霊（事件編）,2005/10/10,11.30%,File.494-498
416,450,佛滅日出現的惡靈（疑惑篇）,仏滅に出る悪霊（疑惑編）,2005/10/17,10.60%,File.494-498
417,451,佛滅日出現的惡靈（解決篇）,仏滅に出る悪霊（解決編）,2005/10/24,11.10%,File.494-498
418,452,米花町閣樓之家,米花町グルニエの家,2005/10/31,11.00%,-
419,453,八岐大蛇之劍（前篇）,八岐大蛇の剣（前編）,2005/11/7,11.20%,-
420,454,八岐大蛇之劍（後篇）,八岐大蛇の剣（後編）,2005/11/14,10.70%,-
421,455,銀杏色的初戀（前篇）,イチョウ色の初戀（前編）,2005/11/21,9.60%,File.410-412
422,456,銀杏色的初戀（後篇）,イチョウ色の初戀（後編）,2005/11/28,9.00%,File.410-412
423,457,偵探團與毛毛蟲四兄弟,探偵団と青蟲4兄弟,2005/12/5,10.80%,-
424,458,小丑發來的彩信,ピエロからの寫真メール,2005/12/19,9.40%,-
425,459,黑色衝擊！組織的魔爪伸來的瞬間（1）,ブラックインパクト！組織の手が屆く瞬間,2006/1/9,13.10%,File.499-504
425,460,黑色衝擊！組織的魔爪伸來的瞬間（2）,ブラックインパクト！組織の手が屆く瞬間,2006/1/9,13.10%,File.499-504
425,461,黑色衝擊！組織的魔爪伸來的瞬間（3）,ブラックインパクト！組織の手が屆く瞬間,2006/1/9,13.10%,File.499-504
425,462,黑色衝擊！組織的魔爪伸來的瞬間（4）,ブラックインパクト！組織の手が屆く瞬間,2006/1/9,13.10%,File.499-504
425,463,黑色衝擊！組織的魔爪伸來的瞬間（5）,ブラックインパクト！組織の手が屆く瞬間,2006/1/9,13.10%,File.499-504
426,464,給小蘭的情書,蘭へのラブレター,2006/1/16,9.80%,-
427,465,超秘密的上學路（前篇）,超秘密の通學路（前編）,2006/1/23,10.60%,File.505-507
428,466,超秘密的上學路（後篇）,超秘密の通學路（後編）,2006/1/30,10.90%,File.505-507
429,467,再也回不去的二人（前篇）,もう戻れない二人（前編）,2006/2/6,11.90%,File.508-510
430,468,再也回不去的二人（後篇）,もう戻れない二人（後編）,2006/2/13,9.70%,File.508-510
431,469,本廳刑警戀愛物語7（前篇）,本庁の刑事戀物語7（前編）,2006/2/20,10.40%,File.511-514
432,470,本廳刑警戀愛物語7（後篇）,本庁の刑事戀物語7（後編）,2006/2/27,9.10%,File.511-514
433,471,柯南怪小孩,コナン変な子,2006/3/6,10.00%,-
434,472,名犬酷兒立大功,名犬クールのお手柄,2006/4/10,7.70%,-
435,473,偵探團的特別採訪（前篇）,探偵団に注目取材（前編）,2006/4/17,9.70%,File.515-517
436,474,偵探團的特別採訪（後篇）,探偵団に注目取材（後編）,2006/4/24,11.60%,File.515-517
437,475,上戶彩與新一 4年前的約定,上戸彩と新一 4年前の約束,2006/5/8,12.00%,-
438,476,魚郵件追蹤記,お魚メールの追跡,2006/5/15,11.00%,File.523-524
439,477,望無人生還,そして誰もいなくなればいい,2006/5/22,10.50%,-
440,478,極限飛車特技,極限のカースタント,2006/5/29,11.60%,-
441,479,通向死亡的“啊”,最期のアーン,2006/6/5,8.70%,-
442,480,被鋼筋阻擋的男子,鉄骨に阻まれた男,2006/6/12,10.50%,-
443,481,歎氣拾潮（前篇）,ため息潮幹狩り（前編）,2006/6/26,9.50%,File.525-527
444,482,歎氣拾潮（後篇）,ため息潮幹狩り（後編）,2006/7/3,8.30%,File.525-527
445,483,俄羅斯藍貓的秘密,ロシアンブルーの秘密,2006/7/10,9.30%,File.528-529
446,484,被封印的歐式窗（前篇）,封印された洋窓（前編）,2006/7/24,8.40%,File.530-532
447,485,被封印的歐式窗（後篇）,封印された洋窓（後編）,2006/7/31,8.40%,File.530-532
448,486,目黑的秋刀魚事件,目黒の秋刀魚事件,2006/8/14,8.00%,-
449,487,本廳刑警戀愛物語 虛假的婚禮（1）,本庁の刑事戀物語 偽りのウエディング,2006/8/21,11.80%,File.535-537
449,488,本廳刑警戀愛物語 虛假的婚禮（2）,本庁の刑事戀物語 偽りのウエディング,2006/8/21,11.80%,File.535-537
450,489,詭計VS魔術（前篇）,トリックVSマジック（前編）,2006/8/28,9.40%,-
451,490,詭計VS魔術（後篇）,トリックVSマジック（後編）,2006/9/4,8.80%,-
452,491,金毗羅劇院魅影（1）,こんぴら座の怪人,2006/9/11,9.10%,-
452,492,金毗羅劇院魅影（2）,こんぴら座の怪人,2006/9/11,9.10%,-
453,493,因緣與友情的試映會,因縁と友情の試寫會,2006/10/23,9.00%,File.533-534
454,494,顛倒的結局（前篇）,ひっくり返った結末（前編）,2006/10/30,8.20%,File.538-540
455,495,顛倒的結局（後篇）,ひっくり返った結末（後編）,2006/11/6,8.70%,File.538-540
456,496,我所愛的推理,俺が愛したミステリー,2006/11/13,9.70%,-
457,497,園子的紅手帕（前篇）,園子の赤いハンカチ（前編）,2006/11/20,10.20%,File.541-543
458,498,園子的紅手帕（後篇）,園子の赤いハンカチ（後編）,2006/11/27,8.20%,File.541-543
459,499,怪人 循規蹈矩的男人,怪人ガチガチ規則男,2006/12/4,10.90%,-
460,500,1年B班大作戰！,1年B組大作戦！,2007/1/15,9.00%,File.548-549
461,501,消失的一頁,消えた1ページ,2007/1/22,9.80%,-
462,502,黑衣組織之影 年幼的目擊者,黒の組織の影 幼い目撃者,2007/1/29,9.70%,File.550-552
463,503,黑衣組織之影 奇妙的燈光,黒の組織の影 奇妙な照明,2007/2/5,10.30%,File.550-552
464,504,黑衣組織之影 謎之高額報酬,黒の組織の影 謎の高額報酬,2007/2/12,9.80%,File.553-555
465,505,黑衣組織之影 珍珠流星,黒の組織の影 真珠の流れ星,2007/2/19,9.50%,File.553-555
466,506,堅不可摧的雪人（前篇）,割れない雪だるま（前編）,2007/2/26,9.90%,File.556-558
467,507,堅不可摧的雪人（後篇）,割れない雪だるま（後編）,2007/3/5,8.30%,File.556-558
468,508,池塘邊的怪異事件,池のほとりの怪事件,2007/3/12,10.00%,-
469,509,怪盜基德與四幅名畫（前篇）,怪盜キッドと四名畫（前編）,2007/4/16,11.10%,File.544-547
470,510,怪盜基德與四幅名畫（後篇）,怪盜キッドと四名畫（後編）,2007/4/23,10.70%,File.544-547
471,511,租賃汽車失控！,レンタカー制禦不能！,2007/5/7,9.90%,-
472,512,少年工藤新一的冒險（前篇）,工藤新一少年の冒険（前編）,2007/5/14,10.60%,File.570-573
473,513,少年工藤新一的冒險（後篇）,工藤新一少年の冒険（後編）,2007/5/21,11.00%,File.570-573
474,514,妃英理律師之戀,妃英理弁護士の戀,2007/6/4,8.60%,File.574-575
475,515,厄運大獎,悪運グランプリ,2007/6/18,10.00%,-
476,516,元太的必殺射門（前篇）,元太の必殺シュート（前編）,2007/6/25,9.30%,File.567-569
477,517,元太的必殺射門（後篇）,元太の必殺シュート（後編）,2007/7/2,8.60%,File.567-569
478,518,30分鐘現場直播,リアル30ミニッツ,2007/7/9,9.10%,-
479,519,與服部平次共度的3天（1）,服部平次との3日間,2007/7/16,10.50%,"File.559-561, 562-566"
479,520,與服部平次共度的3天（2）,服部平次との3日間,2007/7/16,10.50%,"File.559-561, 562-566"
479,521,與服部平次共度的3天（3）,服部平次との3日間,2007/7/16,10.50%,"File.559-561, 562-566"
479,522,與服部平次共度的3天（4）,服部平次との3日間,2007/7/16,10.50%,"File.559-561, 562-566"
480,523,黃色的不在場證明,黃色い不在証明,2007/7/23,9.40%,-
481,524,山姥的利刃（前篇）,山姥の刃物（前編）,2007/7/30,8.80%,File.579-581
482,525,山姥的利刃（後篇）,山姥の刃物（後編）,2007/8/6,8.20%,File.579-581
483,526,消失的巡警,消えたお巡りさん,2007/8/13,6.70%,-
484,527,黑色照片的去向（前篇）,黒い寫真の行方（前編）,2007/8/20,8.20%,File.582-584
485,528,黑色照片的去向（後篇）,黒い寫真の行方（後編）,2007/8/27,7.70%,File.582-584
486,529,從右至左的招財貓,右から左へ招き貓,2007/9/3,7.00%,-
487,530,本廳刑警戀愛物語8 左手的無名指（1）,本庁の刑事戀物語8 左手の薬指,2007/10/15,10.90%,File.576-578
487,531,本廳刑警戀愛物語8 左手的無名指（2）,本庁の刑事戀物語8 左手の薬指,2007/10/15,10.90%,File.576-578
488,532,電視臺的惡魔（1）,テレビ局の悪魔,2007/10/22,9.40%,File.591-593
488,533,電視臺的惡魔（2）,テレビ局の悪魔,2007/10/22,9.40%,File.591-593
489,534,法庭的對決Ⅲ 目擊者是檢察官（1）,法廷の対決Ⅲ 目撃者は検察官,2007/11/26,10.10%,-
489,535,法庭的對決Ⅲ 目擊者是檢察官（2）,法廷の対決Ⅲ 目撃者は検察官,2007/11/26,10.10%,-
490,536,服部平次VS工藤新一 滑雪場的推理對決！（1）,服部平次VS工藤新一 ゲレンデの推理対決！,2007/12/3,8.80%,File.518-522
490,537,服部平次VS工藤新一 滑雪場的推理對決！（2）,服部平次VS工藤新一 ゲレンデの推理対決！,2007/12/3,8.80%,File.518-522
491,538,紅與黑的碰撞 開端,赤と黒のクラッシュ 発端,2008/1/14,9.60%,File.585-586
492,539,紅與黑的碰撞 血緣,赤と黒のクラッシュ 血縁,2008/1/21,9.00%,"File.585-586, 587-590"
493,540,紅與黑的碰撞 慘叫,赤と黒のクラッシュ 絶叫,2008/1/28,9.50%,File.587-590
494,541,紅與黑的碰撞 冥土,赤と黒のクラッシュ 冥土,2008/2/4,9.40%,File.587-590
495,542,紅與黑的碰撞 昏睡,赤と黒のクラッシュ 昏睡,2008/2/11,9.20%,File.595-598
496,543,紅與黑的碰撞 侵入,赤と黒のクラッシュ 侵入,2008/2/18,8.20%,File.595-598
497,544,紅與黑的碰撞 覺醒,赤と黒のクラッシュ 覚醒,2008/2/25,9.80%,"File.595-598, 599-604"
498,545,紅與黑的碰撞 攪亂,赤と黒のクラッシュ 攪亂,2008/3/3,10.00%,File.599-604
499,546,紅與黑的碰撞 偽裝,赤と黒のクラッシュ 偽裝,2008/3/10,8.50%,File.599-604
500,547,紅與黑的碰撞 遺言,赤と黒のクラッシュ 遺言,2008/3/17,9.50%,File.599-604
501,548,紅與黑的碰撞 嫌疑,赤と黒のクラッシュ 嫌疑,2008/4/14,8.10%,File.605-609
502,549,紅與黑的碰撞 清白,赤と黒のクラッシュ 潔白,2008/4/28,9.60%,File.605-609
503,550,紅與黑的碰撞 決死,赤と黒のクラッシュ 決死,2008/5/12,9.10%,File.605-609
504,551,紅與黑的碰撞 殉職,赤と黒のクラッシュ 殉職,2008/5/19,8.10%,File.605-609
505,552,律師妃英理的證言（前篇）,弁護士妃英理の証言（前編）,2008/6/16,7.90%,File.610-612
506,553,律師妃英理的證言（後篇）,弁護士妃英理の証言（後編）,2008/6/23,8.00%,File.610-612
507,554,卡拉OK廳的死角（前篇）,カラオケボックスの死角（前編）,2008/6/30,6.30%,File.619-621
508,555,卡拉OK廳的死角（後篇）,カラオケボックスの死角（後編）,2008/7/7,7.90%,File.619-621
509,556,紅白黃色與偵探團,赤白黃色と探偵団,2008/7/14,8.50%,File.622-624
510,557,柯南VS雙重暗號之謎,コナンvsW暗號ミステリー,2008/7/28,8.50%,"File.622-624, 638-640"
511,558,推理對決！新一VS沖矢昴,推理対決！新一VS沖矢昴,2008/8/4,7.80%,File.638-640
512,559,破碎的占星圖,砕けたホロスコープ,2008/8/11,7.70%,-
513,560,殺意源自咖啡之香（前篇）,殺意はコーヒーの香り（前編）,2008/9/1,9.30%,File.628-630
514,561,殺意源自咖啡之香（後篇）,殺意はコーヒーの香り（後編）,2008/9/8,7.90%,File.628-630
515,562,怪盜基德的瞬間移動魔術（1）,怪盜キッドの瞬間移動魔術,2008/10/20,9.60%,File.631-634
515,563,怪盜基德的瞬間移動魔術（2）,怪盜キッドの瞬間移動魔術,2008/10/20,9.60%,File.631-634
516,564,風林火山 謎之鎧甲武士（1）,風林火山 迷宮の鎧武者,2008/11/3,10.80%,File.613-618
516,565,風林火山 謎之鎧甲武士（2）,風林火山 迷宮の鎧武者,2008/11/3,10.80%,File.613-618
517,566,風林火山 陰與雷光的對決,風林火山 陰と雷光の決著,2008/11/10,8.00%,File.613-618
518,567,明治維新推理之旅（探索篇）,明治維新ミステリーツアー（探索編）,2008/12/1,8.80%,-
519,568,明治維新推理之旅（解讀篇）,明治維新ミステリーツアー（解読編）,2008/12/8,7.70%,-
520,569,酒紅色的告發,ワインレッドの告発,2008/12/15,9.60%,-
521,570,殺人犯，工藤新一（1）,殺人犯、工藤新一,2009/1/19,9.60%,File.646-651
521,571,殺人犯，工藤新一（2）,殺人犯、工藤新一,2009/1/19,9.60%,File.646-651
522,572,新一的真實身份 小蘭的眼淚（1）,新一の正體に蘭の涙,2009/1/26,11.30%,"File.646-651, 652-654"
522,573,新一的真實身份 小蘭的眼淚（2）,新一の正體に蘭の涙,2009/1/26,11.30%,"File.646-651, 652-654"
523,574,真正想問的事,本當に聞きたいコト,2009/2/2,7.90%,File.652-654
524,575,憎恨的藍色火花（前篇）,憎しみの青い火花（前編）,2009/2/9,8.20%,File.635-637
525,576,憎恨的藍色火花（後篇）,憎しみの青い火花（後編）,2009/2/16,9.40%,File.635-637
526,577,真凶送來的禮物,真犯人からの屆け物,2009/2/23,8.90%,File.641-642
527,578,假面劇中隱藏的惡意,仮面劇に秘めた悪意,2009/3/2,8.40%,-
528,579,以柔制謎（前篇）,柔よく謎を制す（前編）,2009/3/9,7.40%,File.643-645
529,580,以柔制謎（後篇）,柔よく謎を制す（後編）,2009/3/16,8.20%,File.643-645
530,581,都市傳說的真相（前篇）,都市伝説の正體（前編）,2009/4/18,5.80%,File.625-627
531,582,都市傳說的真相（後篇）,都市伝説の正體（後編）,2009/4/25,9.10%,File.625-627
532,583,初戀的傷痕,初戀の傷跡,2009/5/2,5.90%,File.667-669
533,584,呼喚過去的傷痕,過去を呼ぶ傷跡,2009/5/9,6.50%,"File.667-669, 670-673"
534,585,新傷痕與口哨男,新たなる傷跡と口笛の男,2009/5/16,8.70%,File.670-673
535,586,舊傷痕與刑警之魂,古き傷跡と刑事の魂,2009/5/23,7.20%,File.670-673
536,587,名畫消失的秘密,消えた名畫の秘密,2009/5/30,6.70%,-
537,588,怪盜基德VS最強金庫（前篇）,怪盜キッドVS最強金庫（前編）,2009/6/13,7.10%,File.674-676
538,589,怪盜基德VS最強金庫（後篇）,怪盜キッドVS最強金庫（後編）,2009/6/20,6.80%,File.674-676
539,590,給愚者的遺產,愚か者への遺産,2009/7/4,6.70%,-
540,591,毛利小五郎不當偵探的日子（前篇）,毛利小五郎探偵廃業の日（前編）,2009/7/11,5.90%,-
541,592,毛利小五郎不當偵探的日子（後篇）,毛利小五郎探偵廃業の日（後編）,2009/7/18,5.00%,-
542,593,魚兒消失的一角岩（前篇）,魚が消える一角岩（前編）,2009/7/25,6.50%,File.664-666
543,594,魚兒消失的一角岩（後篇）,魚が消える一角岩（後編）,2009/8/1,5.90%,File.664-666
544,595,彈奏不協和音之手,不協和音を奏でる手,2009/8/8,6.50%,-
545,596,霧中尖叫的魔女（前篇）,霧にむせぶ魔女（前編）,2009/9/5,8.40%,File.661-663
546,597,霧中尖叫的魔女（後篇）,霧にむせぶ魔女（後編）,2009/9/12,8.70%,File.661-663
547,598,與犯人共度的兩天（第一天）,犯人との二日間（一日目）,2009/9/19,9.00%,-
548,599,與犯人共度的兩天（第二天）,犯人との二日間（二日目）,2009/9/26,9.90%,-
549,600,回轉壽司之謎（前篇）,回転壽司ミステリー（前編）,2009/10/3,8.80%,File.655-657
550,601,回轉壽司之謎（後篇）,回転壽司ミステリー（後編）,2009/10/10,7.10%,File.655-657
551,602,犯人是元太的父親（前篇）,犯人は元太の父ちゃん（前編）,2009/10/17,11.60%,File.658-660
552,603,犯人是元太的父親（後篇）,犯人は元太の父ちゃん（後編）,2009/10/24,10.00%,File.658-660
553,604,The·審訊室,ザ·取調室,2009/10/31,8.00%,-
554,605,鸛的推理之旅（搜尋小蘭篇）,こうのとりミステリーツアー（蘭捜索編）,2009/11/7,9.60%,-
555,606,鸛的推理之旅（追蹤陽菜篇）,こうのとりミステリーツアー（陽菜追跡編）,2009/11/14,10.90%,-
556,607,恐怖的十字路口,恐怖の交差點,2009/11/21,8.30%,-
557,608,與危險的二人同行,危険な二人連れ,2009/11/28,8.60%,File.680-681
558,609,死亡之館，赤壁（三顧之禮）,死亡の館、赤い壁（三顧の禮）,2009/12/5,11.70%,File.682-686
559,610,死亡之館，赤壁（掌中之物）,死亡の館、赤い壁（掌中の物）,2009/12/12,8.30%,File.682-686
560,611,死亡之館，赤壁（死孔明）,死亡の館、赤い壁（死せる孔明）,2009/12/19,8.70%,File.682-686
561,612,死亡之館，赤壁（空城計）,死亡の館、赤い壁（空城の計）,2009/12/26,6.30%,File.682-686
562,613,彩虹色的綁架,虹色の誘拐,2010/1/16,9.70%,-
563,614,偵探團VS強盜團（騷亂）,探偵団VS強盜団（騒然）,2010/1/23,8.70%,File.677-679
564,615,偵探團VS強盜團（沉默）,探偵団VS強盜団（沈黙）,2010/1/30,8.60%,File.677-679
565,616,未見真相的目擊者,見てない目撃者,2010/2/6,10.80%,-
566,617,搭檔是聖誕小子,相棒はサンタさん,2010/2/27,5.40%,-
567,618,降落在露天浴場的殺意,露天風呂に降る殺意,2010/3/6,10.70%,-
568,619,白鳥警部，櫻花的回憶（前篇）,白鳥警部、桜の思い出（前編）,2010/3/13,8.50%,File.687-689
569,620,白鳥警部，櫻花的回憶（後篇）,白鳥警部、桜の思い出（後編）,2010/3/20,8.10%,File.687-689
570,621,證實幾率為零的犯罪,立証確率ゼロの犯罪,2010/3/27,8.40%,-
571,622,妖怪倉庫中的奪寶戰鬥（前篇）,もののけ倉でお寶バトル（前編）,2010/5/1,7.00%,File.690-692
572,623,妖怪倉庫中的奪寶戰鬥（後篇）,もののけ倉でお寶バトル（後編）,2010/5/8,6.70%,File.690-692
573,624,難為情的護身符的去向（前篇）,恥ずかしいお守りの行方（前編）,2010/5/15,8.30%,File.693-695
574,625,難為情的護身符的去向（後篇）,恥ずかしいお守りの行方（後編）,2010/5/22,7.50%,File.693-695
575,626,黑色連衣裙的不在場證明（前篇）,黒きドレスのアリバイ（前編）,2010/5/29,9.00%,File.696-698
576,627,黑色連衣裙的不在場證明（後篇）,黒きドレスのアリバイ（後編）,2010/6/5,8.10%,File.696-698
577,628,螢火蟲點亮的真相,ホタルが燈した真実,2010/6/19,5.80%,-
578,629,召喚危機的紅色前兆,危機呼ぶ赤い前兆,2010/6/26,7.60%,"File.699, 700-704"
579,630,黑色13的暗示,黒き13の暗示,2010/7/3,7.60%,File.700-704
580,631,逼近的黑色時限,迫る黒の刻限,2010/7/10,8.20%,File.700-704
581,632,搖擺的紅色準星,赤く揺れる照準,2010/7/17,7.40%,File.700-704
582,633,僵屍死亡之夜,ゾンビが死んだ夜,2010/7/24,7.60%,-
583,634,小林老師之戀,小林先生の戀,2010/8/14,8.10%,File.705-708
584,635,白鳥警部的失戀,白鳥警部の失戀,2010/8/21,6.30%,File.705-708
585,636,跨越時空的櫻花之戀,時を超える桜の戀,2010/8/28,7.00%,"File.705-708, 712-715"
586,637,黑暗中消失的麒麟之角,闇に消えた麒麟の角,2010/9/4,8.50%,File.712-715
587,638,基德VS四神偵探團,キッドVS四神探偵団,2010/9/11,8.50%,File.712-715
588,639,屋頂農場的陷阱,屋上農園の罠,2010/9/18,6.80%,-
589,640,最糟糕的生日（前篇）,最悪な誕生日（前編）,2010/9/25,8.40%,File.709-711
590,641,最糟糕的生日（後篇）,最悪な誕生日（後編）,2010/10/2,9.00%,File.709-711
591,642,水族館之家,水族館のある家,2010/10/16,9.70%,-
592,643,猴子與熊手的酉之捕物帖（前篇）,猿と熊手のトリ物帖（前編）,2010/10/23,8.10%,File.716-718
593,644,猴子與熊手的酉之捕物帖（後篇）,猿と熊手のトリ物帖（後編）,2010/10/30,11.20%,File.716-718
594,645,廣島宮島七大不可思議之旅（宮島篇）,広島宮島七不思議ツアー（宮島編）,2010/11/6,9.70%,-
595,646,廣島宮島七大不可思議之旅（廣島篇）,広島宮島七不思議ツアー（広島編）,2010/11/13,10.00%,-
596,647,墜樓的不在場證明,転落のアリバイ,2010/11/20,8.50%,-
597,648,蒸汽密室的劇本（前篇）,湯煙密室のシナリオ（前編）,2010/11/27,9.00%,File.722-724
598,649,蒸汽密室的劇本（後篇）,湯煙密室のシナリオ（後編）,2010/12/4,11.10%,File.722-724
599,650,正義的夥伴,セイギノミカタ,2010/12/11,9.50%,-
600,651,河童之夢（前篇）,河童が見た夢（前編）,2010/12/18,8.00%,File.719-721
601,652,河童之夢（後篇）,河童が見た夢（後編）,2010/12/25,10.40%,File.719-721
602,653,潛伏在網球場的惡魔,テニスコートに潛む悪魔,2011/1/8,9.40%,-
603,654,降靈會雙重密室事件（第一密室）,降霊會W密室事件（第一の密室）,2011/1/29,8.60%,-
604,655,降靈會雙重密室事件（第二密室）,降霊會W密室事件（第二の密室）,2011/2/5,10.40%,-
605,656,降靈會雙重密室事件（密室開放）,降霊會W密室事件（密室開放）,2011/2/12,10.60%,-
606,657,法庭的對決Ⅳ 陪審員小林澄子（前篇）,法廷の対決Ⅳ 裁判員小林澄子（前編）,2011/2/19,10.00%,-
607,658,法庭的對決Ⅳ 陪審員小林澄子（後篇）,法廷の対決Ⅳ 裁判員小林澄子（後編）,2011/2/26,9.50%,-
608,659,背叛的白色情人節（前篇）,裏切りのホワイトデー（前編）,2011/3/5,9.20%,File.725-727
609,660,背叛的白色情人節（後篇）,裏切りのホワイトデー（後編）,2011/3/19,9.20%,File.725-727
610,661,被害者是“工藤新一”,被害者はクドウシンイチ,2011/4/9,9.40%,File.734-740
611,662,犬伏城 炎之魔犬（鬼火之章）,犬伏城 炎の魔犬（鬼火の章）,2011/4/16,6.00%,File.734-740
612,663,犬伏城 炎之魔犬（足跡之章）,犬伏城 炎の魔犬（足跡の章）,2011/4/23,9.00%,File.734-740
613,664,犬伏城 炎之魔犬（公主之章）,犬伏城 炎の魔犬（姫の章）,2011/4/30,9.10%,File.734-740
614,665,日記演奏的秘密（前篇）,日記が奏でる秘密（前編）,2011/5/7,7.70%,File.728-730
615,666,日記演奏的秘密（後篇）,日記が奏でる秘密（後編）,2011/5/14,8.00%,File.728-730
616,667,福爾摩斯的默示錄（名偵探的弟子）,ホームズの黙示録（名探偵の弟子）,2011/5/21,7.20%,File.743-752
617,668,福爾摩斯的默示錄（Love is 0）,ホームズの黙示録（Love is 0）,2011/5/28,8.60%,File.743-752
618,669,福爾摩斯的默示錄（撒旦）,ホームズの黙示録（サタン）,2011/6/4,9.40%,File.743-752
619,670,福爾摩斯的默示錄（Code break）,ホームズの黙示録（Code break）,2011/6/11,8.80%,File.743-752
620,671,福爾摩斯的默示錄（草場女王）,ホームズの黙示録（芝の女王）,2011/6/18,9.90%,File.743-752
621,672,福爾摩斯的默示錄（0 is Start）,ホームズの黙示録（0 is Start）,2011/6/25,7.90%,File.743-752
622,673,緊急事態252（前篇）,緊急事態252（前編）,2011/7/2,8.10%,File.753-755
623,674,緊急事態252（後篇）,緊急事態252（後編）,2011/7/9,9.50%,File.753-755
624,675,初戀的視頻信件,初戀のビデオレター,2011/7/16,7.00%,File.741-742
625,676,驚叫手術室（前篇）,絶叫手術室（前編）,2011/7/23,6.30%,File.756-758
626,677,驚叫手術室（後篇）,絶叫手術室（後編）,2011/7/30,7.20%,File.756-758
627,678,柯南基德的龍馬寶物攻防戰（前篇）,コナンキッドの龍馬お寶攻防戦（前編）,2011/8/20,5.40%,File.731-733
628,679,柯南基德的龍馬寶物攻防戰（後篇）,コナンキッドの龍馬お寶攻防戦（後編）,2011/8/27,8.60%,File.731-733
629,680,宣傳片拍攝事件（前篇）,プロモビデオ撮影事件（前編）,2011/9/3,10.30%,-
630,681,宣傳片拍攝事件（後篇）,プロモビデオ撮影事件（後編）,2011/9/10,9.00%,-
631,682,花鐘知道真相,花時計は知っていた,2011/9/17,9.90%,-
632,683,時間守護者之劍（前篇）,時の番人の刃（前編）,2011/10/1,9.80%,File.762-764
633,684,時間守護者之劍（後篇）,時の番人の刃（後編）,2011/10/8,6.60%,File.762-764
634,685,犯罪現場是超狹小的店,犯行現場は激セマ店,2011/10/15,11.10%,-
635,686,減肥時要當心,ダイエットにご用心,2011/11/5,9.70%,-
636,687,世界上最想學習的課程事件（前篇）,世界一受けたい授業事件（前編）,2011/11/12,11.70%,-
637,688,世界上最想學習的課程事件（後篇）,世界一受けたい授業事件（後編）,2011/11/19,9.20%,-
638,689,在紅葉公館解謎（前篇）,紅葉禦殿で謎を解く（前編）,2011/11/26,9.20%,-
639,690,在紅葉公館解謎（後篇）,紅葉禦殿で謎を解く（後編）,2011/12/3,10.50%,-
640,691,8張素描記憶之旅（岡山篇）,8枚のスケッチ記憶の旅（岡山編）,2011/12/10,9.70%,-
641,692,8張素描記憶之旅（倉敷篇）,8枚のスケッチ記憶の旅（倉敷編）,2011/12/17,9.20%,-
642,693,和歌紙牌千鈞一髮（前篇）,カルタ取り危機一髪（前編）,2012/1/7,8.20%,File.759-761
643,694,和歌紙牌千鈞一髮（後篇）,カルタ取り危機一髪（後編）,2012/1/14,9.40%,File.759-761
644,695,好吃得要死的拉麵（前篇）,死ぬほど美味いラーメン（前編）,2012/2/4,9.60%,File.765-767
645,696,好吃得要死的拉麵（後篇）,死ぬほど美味いラーメン（後編）,2012/2/11,10.40%,File.765-767
646,697,幽靈酒店的推理對決（前篇）,幽霊ホテルの推理対決（前編）,2012/2/18,9.90%,File.768-770
647,698,幽靈酒店的推理對決（後篇）,幽霊ホテルの推理対決（後編）,2012/2/25,9.90%,File.768-770
648,699,偵探事務所據守事件（爆發）,探偵事務所籠城事件（勃発）,2012/3/3,9.60%,File.771-774
649,700,偵探事務所據守事件（狙擊）,探偵事務所籠城事件（狙撃）,2012/3/10,10.70%,File.771-774
650,701,偵探事務所據守事件（解放）,探偵事務所籠城事件（解放）,2012/3/17,12.00%,File.771-774
651,702,柯南VS平次 東西偵探推理對決（1）,コナンVS平次 東西探偵推理勝負,2012/3/24,10.30%,File.778-780
651,703,柯南VS平次 東西偵探推理對決（2）,コナンVS平次 東西探偵推理勝負,2012/3/24,10.30%,File.778-780
652,704,毒與幻的設計（EYE）,毒と幻のデザイン（EYE）,2012/4/21,9.10%,File.781-786
653,705,毒與幻的設計（S）,毒と幻のデザイン（S）,2012/4/28,7.70%,File.781-786
654,706,毒與幻的設計（Poison）,毒と幻のデザイン（Poison）,2012/5/5,8.20%,File.781-786
655,707,毒與幻的設計（Illusion）,毒と幻のデザイン（Illusion）,2012/5/12,8.30%,File.781-786
656,708,博士的視頻網站（前篇）,博士の動畫サイト（前編）,2012/5/19,9.20%,File.775-777
657,709,博士的視頻網站（後篇）,博士の動畫サイト（後編）,2012/5/26,8.90%,File.775-777
658,710,巧克力的炙熱陷阱,ショコラの熱い罠,2012/6/2,9.50%,-
659,711,與初戀的共同搜查（前篇）,初戀の共同捜査（前編）,2012/6/9,10.30%,File.790-792
660,712,與初戀的共同搜查（後篇）,初戀の共同捜査（後編）,2012/6/16,10.00%,File.790-792
661,713,小五郎先生是個好人（前篇）,小五郎さんはいいひと（前編）,2012/6/23,8.70%,File.787-789
662,714,小五郎先生是個好人（後篇）,小五郎さんはいいひと（後編）,2012/6/30,8.60%,File.787-789
663,715,深山鍬形追蹤記,ミヤマクワガタを追え,2012/7/7,11.40%,-
664,716,名犬酷兒立大功2,名犬クールのお手柄2,2012/7/14,9.70%,-
665,717,令人令人疑惑的首字母K,疑惑のイニシャルK,2012/7/21,8.80%,-
666,718,雨夜的恐嚇犯,雨の夜の脅迫者,2012/7/28,7.10%,-
667,719,婚禮前夕（前篇）,ウェディングイブ（前編）,2012/9/1,12.20%,File.793-795
668,720,婚禮前夕（後篇）,ウェディングイブ（後編）,2012/9/8,10.00%,File.793-795
669,721,黑暗塔的秘寶（前篇）,くらやみ塔の秘寶（前編）,2012/9/15,8.20%,-
670,722,黑暗塔的秘寶（後篇）,くらやみ塔の秘寶（後編）,2012/9/22,8.90%,-
671,723,偵探們的夜想曲（事件）,探偵たちの夜想曲（事件）,2012/10/6,6.40%,File.796-800
672,724,偵探們的夜想曲（綁架）,探偵たちの夜想曲（誘拐）,2012/10/13,8.10%,File.796-800
673,725,偵探們的夜想曲（推理）,探偵たちの夜想曲（推理）,2012/10/20,9.60%,File.796-800
674,726,偵探們的夜想曲（波本）,探偵たちの夜想曲（バーボン）,2012/10/27,9.80%,File.796-800
675,727,一丁點都不原諒（前篇）,1ミリも許さない（前編）,2012/11/10,9.30%,File.801-803
676,728,一丁點都不原諒（後篇）,1ミリも許さない（後編）,2012/11/17,10.20%,File.801-803
677,729,沒有足跡的沙灘,足跡がない砂浜,2012/11/24,10.70%,-
678,730,長崎推理劇場（幕末篇）,長崎ミステリー劇場（幕末篇）,2012/12/1,9.10%,-
679,731,長崎推理劇場（現代篇）,長崎ミステリー劇場（現代篇）,2012/12/8,11.40%,-
680,732,仙人掌狂騷曲,サボテン狂騒曲,2012/12/15,11.60%,-
681,733,賭上性命的戀愛直播（直播開始）,命を賭けた戀愛中継（中継開始）,2013/1/5,9.60%,File.804-808
682,734,賭上性命的戀愛直播（走投無路）,命を賭けた戀愛中継（絶體絶命）,2013/1/12,11.70%,File.804-808
683,735,賭上性命的戀愛直播（直擊現場）,命を賭けた戀愛中継（現場突入）,2013/1/19,11.00%,File.804-808
684,736,泡沫、熱氣與煙（前篇）,泡と湯気と煙（前篇）,2013/1/26,9.40%,File.809-811
685,737,泡沫、熱氣與煙（後篇）,泡と湯気と煙（後編）,2013/2/2,10.10%,File.809-811
686,738,載著定時炸彈的汽車,時限爆弾を乗せた車,2013/2/9,9.50%,-
687,739,無人能解的冰之陷阱,誰にもとけない氷の罠,2013/2/16,10.40%,-
688,740,高木刑警撿到3000萬,高木刑事3千萬拾う,2013/2/23,9.00%,-
689,741,來自委託人的訊息,依頼人からのメッセージ,2013/3/2,9.70%,-
690,742,工藤優作的未解決事件（前篇）,工藤優作の未解決事件（前編）,2013/3/9,8.10%,File.812-814
691,743,工藤優作的未解決事件（後篇）,工藤優作の未解決事件（後編）,2013/3/16,8.70%,File.812-814
692,744,隅田川夜櫻航線（前篇）,隅田川夜桜ルート（前編）,2013/3/23,8.20%,-
693,745,隅田川夜櫻航線（後篇）,隅田川夜桜ルート（後編）,2013/3/30,9.40%,-
694,746,消失的老店日式點心,消えた老舗の和菓子,2013/4/20,9.70%,-
695,747,葡萄園裡的玫瑰花,葡萄畑に薔薇の花,2013/4/27,7.70%,-
696,748,花壇破壞者的陰謀,花壇あらしの陰謀,2013/5/4,7.00%,-
697,749,女校的窗戶,女學園の窓,2013/5/11,9.50%,-
698,750,不會吧！UFO墜落事件,まさか！UFO墜落事件,2013/5/18,7.80%,-
699,751,逼近灰原秘密的黑影（前篇）,灰原の秘密に迫る影（前編）,2013/6/8,7.20%,File.815-817
700,752,逼近灰原秘密的黑影（後篇）,灰原の秘密に迫る影（後編）,2013/6/15,7.40%,File.815-817
701,753,漆黑的特快列車（發車）,漆黒の特急（発車）,2013/7/13,8.10%,File.818-824
702,754,漆黑的特快列車（隧道）,漆黒の特急（隧道）,2013/7/20,8.30%,File.818-824
703,755,漆黑的特快列車（交叉）,漆黒の特急（交差）,2013/7/27,8.00%,File.818-824
704,756,漆黑的特快列車（終點）,漆黒の特急（終點）,2013/8/3,6.60%,File.818-824
705,757,密室中的柯南,密室にいるコナン,2013/8/10,6.30%,File.825-827
706,758,解謎的波本,謎解きするバーボン,2013/8/17,5.70%,File.825-827
707,759,被陷害的名偵探,はめられた名探偵,2013/8/31,9.00%,-
708,760,緩慢墜落的男子,ゆっくり落ちた男,2013/9/7,8.60%,-
709,761,不明撞擊事件,未確認衝撃事件,2013/9/14,6.60%,-
710,762,大家都看見了（前篇）,みんなが見ていた（前編）,2013/9/21,9.00%,File.831-833
711,763,大家都看見了（後篇）,みんなが見ていた（後編）,2013/9/28,8.80%,File.831-833
712,764,服部平次與吸血鬼館（一）,服部平次と吸血鬼館（一）,2013/10/5,10.00%,File.834-840
713,765,服部平次與吸血鬼館（二）,服部平次と吸血鬼館（二）,2013/10/12,8.70%,File.834-840
714,766,服部平次與吸血鬼館（三）,服部平次と吸血鬼館（三）,2013/10/19,9.60%,File.834-840
715,767,服部平次與吸血鬼館（四）,服部平次と吸血鬼館（四）,2013/10/26,10.20%,File.834-840
716,768,能面宅中有鬼作舞（前篇）,能面屋敷に鬼が踴る（前編）,2013/11/2,7.60%,-
717,769,能面宅中有鬼作舞（後篇）,能面屋敷に鬼が踴る（後編）,2013/11/9,10.60%,-
718,770,惡魔的回路,悪魔の回路,2013/11/16,9.60%,-
719,771,白金門票騷動記,プラチナチケット騒動記,2013/11/23,10.80%,-
720,772,火與水的推理之旅（阿蘇篇）,火と水のミステリーツアー（阿蘇編）,2013/11/30,10.00%,-
721,773,火與水的推理之旅（熊本篇）,火と水のミステリーツアー（熊本編）,2013/12/7,9.30%,-
722,774,香甜冰冷的快遞（前篇）,甘く冷たい宅配便（前編）,2013/12/14,10.10%,File.841-843
723,775,香甜冰冷的快遞（後篇）,甘く冷たい宅配便（後編）,2013/12/21,10.00%,File.841-843
724,776,怪盜基德與赤面人魚（前篇）,怪盜キッドと赤面の人魚（前編）,2014/1/4,6.40%,File.828-830
725,777,怪盜基德與赤面人魚（後篇）,怪盜キッドと赤面の人魚（後編）,2014/1/11,9.70%,File.828-830
726,778,幸福郵件招來不幸,幸福メールは不幸を呼ぶ,2014/1/18,10.00%,-
727,779,裝滿水果的寶箱（前篇）,果実が詰まった寶箱（前編）,2014/1/25,8.60%,File.844-846
728,780,裝滿水果的寶箱（後篇）,果実が詰まった寶箱（後編）,2014/2/1,9.80%,File.844-846
729,781,鑽石、繪畫與著名女演員,ダイヤと絵畫と大女優,2014/2/8,10.50%,-
730,782,過於完美的模型,完璧すぎたフィギュア,2014/2/22,8.50%,-
731,783,現場的鄰居是前男友（前篇）,現場の隣人は元カレ（前編）,2014/3/1,8.70%,File.847-849
732,784,現場的鄰居是前男友（後篇）,現場の隣人は元カレ（後編）,2014/3/8,9.00%,File.847-849
733,785,訂婚宴與兩聲槍響,披露宴と二つの銃聲,2014/3/22,8.30%,-
734,786,茱蒂的追憶與賞花的陷阱（1）,ジョディの追憶とお花見の罠,2014/3/29,9.20%,File.850-852
734,787,茱蒂的追憶與賞花的陷阱（2）,ジョディの追憶とお花見の罠,2014/3/29,9.20%,File.850-852
735,788,附帶暗號的邀請函,暗號付きの招待狀,2014/4/19,9.50%,-
736,789,毛利小五郎像的秘密,毛利小五郎像の秘密,2014/4/26,7.40%,-
737,790,可疑的散步道,疑惑の散歩道,2014/5/3,8.90%,-
738,791,小五郎在酒吧裡（前篇）,小五郎はBARにいる（前編）,2014/5/10,8.50%,File.853-855
739,792,小五郎在酒吧裡（後篇）,小五郎はBARにいる（後編）,2014/5/17,10.00%,File.853-855
740,793,小蘭也倒在浴室裡了（前篇）,蘭も倒れたバスルーム（前編）,2014/5/31,8.30%,File.856-858
741,794,小蘭也倒在浴室裡了（後篇）,蘭も倒れたバスルーム（後編）,2014/6/7,11.40%,File.856-858
742,795,與J聯賽選手的約定,Jリーガーとの約束,2014/6/14,8.70%,-
743,796,兩次意外的重疊,偶然は二度かさなる,2014/6/21,9.00%,-
744,797,嫌疑人竟是京極真（前篇）,容疑者か京極真（前編）,2014/6/28,10.20%,File.859-861
745,798,嫌疑人竟是京極真（後篇）,容疑者か京極真（後編）,2014/7/5,8.70%,File.859-861
746,799,怪盜基德VS京極真（前篇）,怪盜キッドVS京極真（前編）,2014/7/19,10.20%,File.862-864
747,800,怪盜基德VS京極真（後篇）,怪盜キッドVS京極真（後編）,2014/7/26,7.90%,File.862-864
748,801,本廳刑警戀愛物語（坦白）,本庁の刑事戀物語（告白）,2014/8/2,9.00%,File.869-871
749,802,本廳刑警戀愛物語（真相）,本庁の刑事戀物語（真相）,2014/8/9,10.40%,File.869-871
750,803,被海背叛的男子,海に裏切られた男,2014/9/6,10.90%,-
751,804,招財三色貓的事件（前篇）,招き三毛貓の事件（前編）,2014/9/20,10.80%,File.865-868
752,805,招財三色貓的事件（後篇）,招き三毛貓の事件（後編）,2014/9/27,9.00%,File.865-868
753,806,合租房的死角,シェアハウスの死角,2014/10/4,11.50%,-
754,807,赤女的慘劇（蒸汽）,赤い女の慘劇（湯煙）,2014/10/11,10.90%,File.872-875
755,808,赤女的慘劇（惡靈）,赤い女の慘劇（悪霊）,2014/10/18,11.30%,File.872-875
756,809,赤女的慘劇（復仇）,赤い女の慘劇（復讐）,2014/10/25,11.10%,File.872-875
757,810,來自首的搞笑藝人（前篇）,自首したお笑い芸人（前編）,2014/11/1,10.80%,-
758,811,來自首的搞笑藝人（後篇）,自首したお笑い芸人（後編）,2014/11/8,11.00%,-
759,812,結局意外的戀愛小說（前篇）,意外な結果の戀愛小説（前編）,2014/11/22,10.10%,File.876-878
760,813,結局意外的戀愛小說（後篇）,意外な結果の戀愛小説（後編）,2014/11/29,12.60%,File.876-878
761,814,加賀百萬石推理之旅（金澤篇）,加賀百萬石ミステリーツアー（金沢編）,2014/12/6,10.10%,-
762,815,加賀百萬石推理之旅（加賀溫泉篇）,加賀百萬石ミステリーツアー（加賀溫泉編）,2014/12/13,10.20%,-
763,816,柯南與平次 戀愛的暗號（前篇）,コナンと平次 戀の暗號（前編）,2015/1/10,9.40%,File.879-881
764,817,柯南與平次 戀愛的暗號（後篇）,コナンと平次 戀の暗號（後編）,2015/1/17,10.90%,File.879-881
765,818,堤無津川放風箏事件（前篇）,堤無津川凧揚げ事件（前編）,2015/1/24,10.90%,File.885-887
766,819,堤無津川放風箏事件（後篇）,堤無津川凧揚げ事件（後編）,2015/1/31,10.90%,File.885-887
767,820,消失于暴風雪的戀人,吹雪に消えた戀人,2015/2/7,11.70%,-
768,821,灰原哀監禁事件,灰原哀監禁事件,2015/2/21,10.60%,-
769,822,麻煩的急救患者,面倒な救急患者,2015/2/28,9.60%,-
770,823,氣氛僵硬的茶會（前篇）,ギスギスしたお茶會（前編）,2015/3/7,10.30%,File.888-890
771,824,氣氛僵硬的茶會（後篇）,ギスギスしたお茶會（後編）,2015/3/14,9.30%,File.888-890
772,825,工藤新一水族館事件（前篇）,工藤新一水族館事件（前編）,2015/3/21,9.20%,File.882-884
773,826,工藤新一水族館事件（後篇）,工藤新一水族館事件（後編）,2015/3/28,10.10%,File.882-884
774,827,消失的蒙克呐喊,消えたムンクの叫び,2015/4/18,7.60%,-
775,828,被操縱的名偵探（前篇）,あやつられた名探偵（前編）,2015/4/25,6.90%,-
776,829,被操縱的名偵探（後篇）,あやつられた名探偵（後編）,2015/5/2,7.70%,-
777,830,少年偵探團VS老年偵探團,少年探偵団VS老人探偵団,2015/5/9,8.90%,-
778,831,天使消失的海市蜃樓,天使が消えた蜃気樓,2015/5/16,8.10%,-
779,832,緋色的序章,緋色の序章,2015/5/30,7.40%,File.891-893
780,833,緋色的追查,緋色の追求,2015/6/6,8.10%,File.891-893
781,834,緋色的交錯,緋色の交錯,2015/6/13,8.50%,File.894-898
782,835,緋色的回歸,緋色の帰還,2015/6/20,6.60%,File.894-898
783,836,緋色的真相,緋色の真相,2015/6/27,9.40%,File.894-898
784,837,歡迎來到織女俱樂部,織り姫クラブへようこそ,2015/7/11,5.70%,-
785,838,太閣之戀名人戰（前篇）,太閤戀する名人戦（前編）,2015/7/18,7.50%,File.899-902
786,839,太閣之戀名人戰（後篇）,太閤戀する名人戦（後編）,2015/7/25,7.10%,File.899-902
787,840,沉入盛夏泳池的謎團（前篇）,真夏のプールに沈む謎（前編）,2015/8/1,7.60%,File.903-905
788,841,沉入盛夏泳池的謎團（後篇）,真夏のプールに沈む謎（後編）,2015/8/8,7.50%,File.903-905
789,842,女王大人的天氣預報,女王様の天気予報,2015/8/15,7.20%,-
790,843,米花寶出血大拍賣,米花ポン出血大サービス,2015/9/5,6.60%,-
791,844,高木刑警，戴著手銬逃跑,高木刑事、手錠で逃走,2015/9/12,7.80%,-
792,845,三名第一發現者（前篇）,三人の第一発見者（前編）,2015/9/19,6.10%,File.906-908
793,846,三名第一發現者（後篇）,三人の第一発見者（後編）,2015/9/26,7.10%,File.906-908
794,847,保鏢 毛利小五郎,ボディーガード 毛利小五郎,2015/10/3,9.80%,-
795,848,年輕太太消失的秘密,若奧様が消えた秘密,2015/10/10,8.60%,-
796,849,鴛鴦夫婦的策略,おしどり夫婦の策略,2015/10/17,7.60%,-
797,850,迷夢少女的迷推理,夢みる乙女の迷推理,2015/10/24,9.10%,-
798,851,移動的目標,動く標的,2015/11/7,10.30%,-
799,852,偵探團的密室推理合戰,探偵団の密室推理合戦,2015/11/14,8.40%,-
800,853,追逐1億日元,1億円を追いかけろ,2015/11/21,9.10%,-
801,854,鳥取沙丘推理之旅（倉吉篇）,鳥取砂丘ミステリーツアー（倉吉編）,2015/11/28,7.20%,-
802,855,鳥取沙丘推理之旅（鳥取篇）,鳥取砂丘ミステリーツアー（鳥取編）,2015/12/5,8.10%,-
803,856,“小心火燭”的盲點,火の用心の落とし穴,2015/12/12,9.10%,-
804,857,柯南與海老藏 歌舞伎十八番謎案（前篇）（1）,コナンと海老蔵 歌舞伎十八番ミステリー（前編）,2016/1/9,9.10%,-
804,858,柯南與海老藏 歌舞伎十八番謎案（前篇）（2）,コナンと海老蔵 歌舞伎十八番ミステリー（前編）,2016/1/9,9.10%,-
805,859,柯南與海老藏 歌舞伎十八番謎案（後篇）（1）,コナンと海老蔵 歌舞伎十八番ミステリー（後編）,2016/1/16,9.40%,-
805,860,柯南與海老藏 歌舞伎十八番謎案（後篇）（2）,コナンと海老蔵 歌舞伎十八番ミステリー（後編）,2016/1/16,9.40%,-
806,861,腹語師的錯覺（前篇）,腹話術師の錯覚（前編）,2016/1/30,8.50%,-
807,862,腹語師的錯覺（後篇）,腹話術師の錯覚（後編）,2016/2/6,8.40%,-
808,863,鐮鼬旅館（前篇）,かまいたちの宿（前編）,2016/2/13,8.50%,File.909-912
809,864,鐮鼬旅館（後篇）,かまいたちの宿（後編）,2016/2/20,10.10%,File.909-912
810,865,縣警的黑暗（前篇）,県警の黒い闇（前編）,2016/2/27,9.00%,File.913-917
811,866,縣警的黑暗（中篇）,県警の黒い闇（中編）,2016/3/5,8.90%,File.913-917
812,867,縣警的黑暗（後篇）,県警の黒い闇（後編）,2016/3/12,8.20%,File.913-917
813,868,悄然接近安室的黑影,安室に忍びよる影,2016/4/16,8.90%,-
814,869,博客女演員的密室事件（前篇）,ブログ女優の密室事件（前編）,2016/4/23,8.40%,File.918-920
815,870,博客女演員的密室事件（後篇）,ブログ女優の密室事件（後編）,2016/4/30,8.30%,File.918-920
816,871,令人遺憾的溫柔外星人,殘念でやさしい宇宙人,2016/5/7,7.80%,-
817,872,消失的未婚妻,消えたフィアンセ,2016/5/14,6.80%,-
818,873,小五郎，憤怒的大追蹤（前篇）,小五郎、怒りの大追跡（前編）,2016/5/21,6.60%,-
819,874,小五郎，憤怒的大追蹤（後篇）,小五郎、怒りの大追跡（後編）,2016/5/28,6.20%,-
820,875,候車室的7人,待合室の7人,2016/6/4,6.90%,-
821,876,曇柄寺隱藏的秘密,曇柄寺が隠す秘密,2016/6/11,6.20%,-
822,877,嫌疑人是熱戀情侶（前篇）,容疑者は熱愛カップル（前編）,2016/6/18,5.90%,File.925-927
823,878,嫌疑人是熱戀情侶（後篇）,容疑者は熱愛カップル（後編）,2016/6/25,6.50%,File.925-927
824,879,少年偵探團避雨記,少年探偵団の雨宿り,2016/7/9,7.20%,-
825,880,潮入公園逆轉事件,潮入り公園逆転事件,2016/7/16,6.70%,-
826,881,美女、謊言與秘密,美女とウソと秘密,2016/7/23,4.50%,-
827,882,好吃得要死的拉麵2（前篇）,死ぬほど美味いラーメン2（前編）,2016/7/30,6.90%,File.928-930
828,883,好吃得要死的拉麵2（後篇）,死ぬほど美味いラーメン2（後編）,2016/8/6,6.80%,File.928-930
829,884,不可思議的少年,不思議な少年,2016/8/13,5.20%,-
830,885,僵屍包圍的別墅（前篇）,ゾンビが囲む別荘（前編）,2016/9/3,6.10%,File.931-935
831,886,僵屍包圍的別墅（中篇）,ゾンビが囲む別荘（中編）,2016/9/10,6.60%,File.931-935
832,887,僵屍包圍的別墅（後篇）,ゾンビが囲む別荘（後編）,2016/9/17,6.20%,File.931-935
833,888,名偵探有弱點,名探偵に弱點あり,2016/9/24,6.60%,-
834,889,死了兩次的男子（前篇）,二度死んだ男（前編）,2016/10/1,7.80%,-
835,890,死了兩次的男子（後篇）,二度死んだ男（後編）,2016/10/8,6.50%,-
836,891,關係惡劣的女子樂隊（前篇）,仲の悪いガールズバンド（前編）,2016/10/15,6.60%,File.936-938
837,892,關係惡劣的女子樂隊（後篇）,仲の悪いガールズバンド（後編）,2016/10/22,6.90%,File.936-938
838,893,輕飄飄熱氣球怪異事件,ふんわり気球で怪事件,2016/11/5,6.50%,-
839,894,聽見天狗的聲音,天狗の聲が聞こえる,2016/11/12,5.90%,-
840,895,最後的禮物,最後の贈り物,2016/11/19,8.60%,-
841,896,雨中的公車站,雨のバス停,2016/11/26,5.40%,-
842,897,兜風約會的岔路口,ドライブデートの別れ道,2016/12/10,7.00%,-
843,898,偵探團各執一詞（前篇）,探偵団はヤブの中（前編）,2016/12/17,6.90%,File.939-941
844,899,偵探團各執一詞（後篇）,探偵団はヤブの中（後編）,2016/12/24,7.20%,File.939-941
845,900,黑暗中走投無路的柯南（前篇）,絶體絶命暗闇のコナン（前編）,2017/1/7,6.40%,-
846,901,黑暗中走投無路的柯南（後篇）,絶體絶命暗闇のコナン（後編）,2017/1/14,9.10%,-
847,902,千葉的UFO疑難事件（前篇）,千葉のUFO難事件（前編）,2017/1/28,7.60%,File.942-944
848,903,千葉的UFO疑難事件（後篇）,千葉のUFO難事件（後編）,2017/2/4,7.30%,File.942-944
849,904,結婚申請表的密碼（前篇）,婚姻屆のパスワード（前編）,2017/2/11,7.20%,File.945-947
850,905,結婚申請表的密碼（後篇）,婚姻屆のパスワード（後編）,2017/2/18,6.90%,File.945-947
851,906,戀愛的地獄巡遊（別府篇）,戀の地獄めぐりツアー（別府編）,2017/3/4,7.10%,-
852,907,戀愛的地獄巡遊（大分篇）,戀の地獄めぐりツアー（大分編）,2017/3/11,7.30%,-
853,908,櫻花班的回憶（蘭GIRL）,サクラ組の思い出（蘭GIRL）,2017/3/18,7.70%,File.921-924
854,909,櫻花班的回憶（新一BOY）,サクラ組の思い出（新一BOY）,2017/3/25,6.80%,File.921-924
855,910,黑帶消失之謎,消えた黒帯の謎,2017/4/15,6.40%,-
856,911,名流夫婦的秘密,セレブ夫婦の秘密,2017/4/22,6.70%,-
857,912,米花町多次反轉的謎案（前篇）,米花町二転三転ミステリー（前編）,2017/4/29,6.10%,-
858,913,米花町多次反轉的謎案（後篇）,米花町二転三転ミステリー（後編）,2017/5/6,6.60%,-
859,914,陰暗的登山路線,暗闇の山嶽ルート,2017/5/13,7.60%,-
860,915,防盜系統的盲點,防犯システムの落とし穴,2017/5/20,6.90%,-
861,916,與17年前相同的現場（前篇）,17年前と同じ現場（前編）,2017/6/3,5.20%,File.948-950
862,917,與17年前相同的現場（後篇）,17年前と同じ現場（後編）,2017/6/10,6.90%,File.948-950
863,918,靈魂偵探遇害事件（前篇）,霊魂探偵殺害事件（前編）,2017/6/17,5.70%,File.951-953
864,919,靈魂偵探遇害事件（後篇）,霊魂探偵殺害事件（後編）,2017/6/24,5.20%,File.951-953
865,920,毒舌的九官鳥,口の悪い九官鳥,2017/7/8,5.80%,-
866,921,背叛的舞臺（前篇）,裏切りのステージ（前編）,2017/7/15,4.50%,File.954-957
867,922,背叛的舞臺（後篇）,裏切りのステージ（後編）,2017/7/22,5.60%,File.954-957
868,923,汽笛聲縈繞的舊書店,汽笛の聞こえる古書店,2017/7/29,7.10%,-
869,924,消失于斷崖的柯南（前篇）,斷崖に消えたコナン（前編）,2017/8/5,5.10%,-
870,925,消失于斷崖的柯南（後篇）,斷崖に消えたコナン（後編）,2017/8/12,4.70%,-
871,926,信長四五〇事件,ノブナガ四五〇事件,2017/9/2,6.30%,-
872,927,柯南與平次的鵺傳說（鳴聲篇）,コナンと平次の鵺伝説（鳴聲編）,2017/9/9,6.30%,File.958-962
873,928,柯南與平次的鵺傳說（爪痕篇）,コナンと平次の鵺伝説（爪跡編）,2017/9/16,7.50%,File.958-962
874,929,柯南與平次的鵺傳說（解決篇）,コナンと平次の鵺伝説（解決編）,2017/9/23,6.80%,File.958-962
875,930,不可思議的預知佛像,不思議な予知仏像,2017/9/30,6.10%,-
876,931,機械目擊者,機械じかけの目撃者,2017/10/7,7.70%,-
877,932,命運交錯的二人,交差する運命の二人,2017/10/14,7.30%,-
878,933,試衣間的死角（前篇）,試著室の死角（前編）,2017/10/28,7.80%,File.969-971
879,934,試衣間的死角（後篇）,試著室の死角（後編）,2017/11/4,8.50%,File.969-971
880,935,偵探團與幽靈館,探偵団と幽霊館,2017/11/11,7.30%,-
881,936,漣漪上的魔法師（前篇）,さざ波の魔法使い（前編）,2017/11/18,7.80%,File.972-974
882,937,漣漪上的魔法師（後篇）,さざ波の魔法使い（後編）,2017/11/25,8.70%,File.972-974
883,938,繪本裡飛出的炸彈魔（前篇）,絵本から飛び出す爆弾魔（前編）,2017/12/2,9.50%,-
884,939,繪本裡飛出的炸彈魔（後篇）,絵本から飛び出す爆弾魔（後編）,2017/12/9,9.00%,-
885,940,在波洛咖啡廳解謎（前篇）,謎解きは喫茶ポアロで（前編）,2017/12/16,8.00%,File.981-983
886,941,在波洛咖啡廳解謎（後篇）,謎解きは喫茶ポアロで（後編）,2017/12/23,7.50%,File.981-983
887,942,怪盜基德的機關盒（前篇）,怪盜キッドの絡繰箱（前編）,2018/1/6,7.90%,File.963-965
888,943,怪盜基德的機關盒（後篇）,怪盜キッドの絡繰箱（後編）,2018/1/13,8.00%,File.963-965
889,944,新任老師的骸骨事件（前篇）,新任教師の骸骨事件（前編）,2018/1/20,8.90%,File.966-968
890,945,新任老師的骸骨事件（後篇）,新任教師の骸骨事件（後編）,2018/1/27,9.10%,File.966-968
891,946,幕末維新推理之旅（山口篇）,幕末維新ミステリーツアー（山口編）,2018/2/3,9.10%,-
892,947,幕末維新推理之旅（萩篇）,幕末維新ミステリーツアー（萩編）,2018/2/10,7.60%,-
893,948,星級餐廳之謎,星付きレストランの謎,2018/2/24,7.30%,-
894,949,隔壁的江戶式推理秀（前篇）,となりの江戸前推理ショー（前編）,2018/3/3,8.40%,File.975-977
895,950,隔壁的江戶式推理秀（後篇）,となりの江戸前推理ショー（後編）,2018/3/10,8.30%,File.975-977
896,951,手部白皙的女子（前篇）,白い手の女（前編）,2018/3/17,7.70%,File.978-980
897,952,手部白皙的女子（後篇）,白い手の女（後編）,2018/3/24,7.60%,File.978-980
898,953,蛋糕融化了！,ケーキが溶けた！,2018/4/7,8.90%,-
899,954,真凶的叫喊聲,真犯人の叫び聲,2018/4/28,7.30%,-
900,955,密室中的解謎秀,密室の謎解きショウ,2018/5/5,7.50%,-
901,956,妃律師SOS（前篇）,妃弁護士SOS（前編）,2018/5/12,6.90%,File.984-986
902,957,妃律師SOS（後篇）,妃弁護士SOS（後編）,2018/5/19,7.70%,File.984-986
903,958,相似的死對頭,似た者同士が犬猿の仲,2018/5/26,8.00%,-
904,959,不分勝負的結局,相討ちの果て,2018/6/16,7.60%,-
905,960,七年後的目擊證言（前篇）,七年後の目撃証言（前編）,2018/6/23,6.50%,-
906,961,七年後的目擊證言（後篇）,七年後の目撃証言（後編）,2018/6/30,6.90%,-
907,962,J聯賽的保鏢,Jリーグの用心棒,2018/7/14,6.60%,-
908,963,順流而逝的友情,川床に流れた友情,2018/7/21,6.90%,-
909,964,燃燒帳篷的玄機（前篇）,燃えるテントの怪（前編）,2018/7/28,8.70%,File.987-989
910,965,燃燒帳篷的玄機（後篇）,燃えるテントの怪（後編）,2018/8/4,7.60%,File.987-989
911,966,來自目暮警部的委託,目暮警部からの依頼,2018/9/1,7.30%,-
912,967,成為模特的偵探團,モデルになった探偵団,2018/9/8,7.50%,-
913,968,被帶走的柯南（前篇）,連れ去られたコナン（前編）,2018/9/15,7.50%,-
914,969,被帶走的柯南（後篇）,連れ去られたコナン（後編）,2018/9/22,8.50%,-
915,970,女高中生偵探鈴木園子,JK探偵鈴木園子,2018/9/29,8.50%,-
916,971,戀愛與推理的劍道大會（前篇）,戀と推理の剣道大會（前編）,2018/10/6,7.50%,File.990-993
917,972,戀愛與推理的劍道大會（後篇）,戀と推理の剣道大會（後編）,2018/10/13,9.40%,File.990-993
918,973,迷你巡邏車女警大追蹤,ミニパトポリス大追跡,2018/10/27,7.40%,-
919,974,女高中生三人組的秘密咖啡廳（前篇）,JKトリオ秘密のカフェ（前編）,2018/11/3,9.60%,File.994-996
920,975,女高中生三人組的秘密咖啡廳（後篇）,JKトリオ秘密のカフェ（後編）,2018/11/10,8.20%,File.994-996
921,976,充滿殺意的拼車,殺意のあいのり,2018/11/17,7.60%,-
922,977,消失的少年偵探團,消えた少年探偵団,2018/11/24,7.90%,-
923,978,柯南不在的日子,コナンのいない日,2018/12/1,7.40%,-
924,979,落日下的橘園,みかん畑に陽は沈む,2018/12/8,7.20%,-
925,980,充滿心意的手機掛件（前篇）,心のこもったストラップ（前編）,2018/12/15,8.70%,File.997-999
926,981,充滿心意的手機掛件（後篇）,心のこもったストラップ（後編）,2018/12/22,6.50%,File.997-999
927,982,紅色的修學旅行（鮮紅篇）（1）,紅の修學旅行（鮮紅編）,2019/1/5,9.10%,File.1000-1005
927,983,紅色的修學旅行（鮮紅篇）（2）,紅の修學旅行（鮮紅編）,2019/1/5,9.10%,File.1000-1005
928,984,紅色的修學旅行（戀紅篇）（1）,紅の修學旅行（戀紅編）,2019/1/12,9.20%,File.1000-1005
928,985,紅色的修學旅行（戀紅篇）（2）,紅の修學旅行（戀紅編）,2019/1/12,9.20%,File.1000-1005
929,986,佇立在窗邊的女子（前篇）,窓辺にたたずむ女（前編）,2019/2/2,8.40%,-
930,987,佇立在窗邊的女子（後篇）,窓辺にたたずむ女（後編）,2019/2/9,9.70%,-
931,988,北九洲推理之旅（小倉篇）,北九洲ミステリーツアー（小倉編）,2019/2/16,8.00%,-
932,989,北九洲推理之旅（門司篇）,北九洲ミステリーツアー（門司編）,2019/2/23,8.40%,-
933,990,純血賽馬綁架事件（前篇）,サラブレッド誘拐事件（前編）,2019/3/9,8.10%,-
934,991,純血賽馬綁架事件（後篇）,サラブレッド誘拐事件（後編）,2019/3/16,9.70%,-
935,992,占卜師與三位客人,占い師と三人の客,2019/3/23,9.10%,-
936,993,美食廣場的陰謀,フードコートの陰謀,2019/4/13,7.40%,-
937,994,巨人塔洛斯的必殺拳（前篇）,巨人タロスの必殺拳（前編）,2019/4/20,7.50%,-
938,995,巨人塔洛斯的必殺拳（後篇）,巨人タロスの必殺拳（後編）,2019/4/27,7.20%,-
939,996,危險的化石採集,危ない化石採集,2019/5/4,7.40%,-
940,997,消失的戀人,姿を消した戀人,2019/5/11,6.60%,-
941,998,尋找瑪利亞！（前篇）,マリアちゃんをさがせ！（前編）,2019/6/1,7.20%,File.1006-1008
942,999,尋找瑪利亞！（後篇）,マリアちゃんをさがせ！（後編）,2019/6/8,8.20%,File.1006-1008
943,1000,東京老女孩時裝展,東京婆ールズコレクション,2019/6/15,9.10%,-
944,1001,點贊的代價（前篇）,いいね。の代償（前編）,2019/6/22,7.40%,-
945,1002,點贊的代價（後篇）,いいね。の代償（後編）,2019/6/29,8.10%,-
946,1003,詛咒寶石波爾吉亞之淚（前篇）,呪いの寶石ボルジアの涙（前編）,2019/7/13,6.60%,-
947,1004,詛咒寶石波爾吉亞之淚（後篇）,呪いの寶石ボルジアの涙（後編）,2019/7/20,6.60%,-
948,1005,被恐龍壓倒的男子,恐竜につぶされた男,2019/7/27,8.30%,-
949,1006,廣播電臺煩惱諮詢（挑戰篇）,ラジオお悩み相談（挑戦編）,2019/8/3,7.60%,-
950,1007,廣播電臺煩惱諮詢（解謎篇）,ラジオお悩み相談（謎解き編）,2019/8/10,6.70%,-
951,1008,汽笛聲縈繞的舊書店2,汽笛の聞こえる古書店2,2019/8/17,6.80%,-
952,1009,謎之雞尾酒（前篇）,迷宮カクテル（前編）,2019/8/31,7.70%,File.1009-1012
953,1010,謎之雞尾酒（中篇）,迷宮カクテル（中編）,2019/9/7,8.20%,File.1009-1012
954,1011,謎之雞尾酒（後篇）,迷宮カクテル（後編）,2019/9/14,6.40%,File.1009-1012
955,1012,昆蟲人的秘密,昆蟲人間のヒミツ,2019/9/28,5.00%,-
956,1013,在水上巴士解謎（前篇）,謎解き水上バス（前編）,2019/10/12,3.00%,-
957,1014,在水上巴士解謎（後篇）,謎解き水上バス（後編）,2019/10/19,8.00%,-
958,1015,卷毛狗與霰彈槍（前篇）,プードルと散弾銃（前編）,2019/11/9,5.90%,-
959,1016,卷毛狗與霰彈槍（後篇）,プードルと散弾銃（後編）,2019/11/16,7.20%,-
960,1017,遺孀與偵探團,未亡人と探偵団,2019/11/23,8.30%,-
961,1018,豪華露營怪異事件,グランピング怪事件,2019/11/30,7.40%,-
962,1019,毛利小五郎大演講會（前篇）,毛利小五郎大講演會（前編）,2019/12/7,7.60%,-
963,1020,毛利小五郎大演講會（中篇）,毛利小五郎大講演會（中編）,2019/12/14,7.80%,-
964,1021,毛利小五郎大演講會（後篇）,毛利小五郎大講演會（後編）,2019/12/21,6.80%,-
965,1022,大怪獸哥美拉VS假面超人（序）,大怪獣ゴメラVS仮面ヤイバー（序）,2020/1/4,6.60%,-
966,1023,大怪獸哥美拉VS假面超人（破）,大怪獣ゴメラVS仮面ヤイバー（破）,2020/1/11,6.90%,-
967,1024,大怪獸哥美拉VS假面超人（急）,大怪獣ゴメラVS仮面ヤイバー（急）,2020/1/18,7.30%,-
968,1025,大怪獸哥美拉VS假面超人（結）,大怪獣ゴメラVS仮面ヤイバー（結）,2020/1/25,7.70%,-
969,1026,加賀千金推理之旅（前篇）,加賀令嬢ミステリーツアー（前編）,2020/2/15,7.60%,-
970,1027,加賀千金推理之旅（後篇）,加賀令嬢ミステリーツアー（後編）,2020/2/22,7.30%,-
971,1028,目標是警視廳交通部（一）,標的は警視庁交通部（一）,2020/3/7,8.90%,File.1013-1017
972,1029,目標是警視廳交通部（二）,標的は警視庁交通部（二）,2020/3/14,6.50%,File.1013-1017
973,1030,目標是警視廳交通部（三）,標的は警視庁交通部（三）,2020/3/21,7.90%,File.1013-1017
974,1031,目標是警視廳交通部（四）,標的は警視庁交通部（四）,2020/3/28,8.20%,File.1013-1017
975,1032,尋妻的秘密,妻探しの秘密,2020/7/4,7.80%,-
976,1033,追蹤！偵探計程車,追跡！探偵タクシー,2020/7/18,6.90%,-
977,1034,破碎的金魚缸,割れた金魚鉢,2020/8/1,7.20%,-
978,1035,對岸的事件,対岸の事件,2020/8/15,7.60%,-
979,1036,東奔西走的偵探,探偵を引きずり回す,2020/8/29,7.10%,-
980,1037,完美犯罪指南,完全犯罪のススメ,2020/9/5,8.10%,-
981,1038,歡迎來到少爺亭（前篇）,坊っちゃん亭へようこそ（前編）,2020/9/19,7.80%,-
982,1039,歡迎來到少爺亭（後篇）,坊っちゃん亭へようこそ（後編）,2020/9/26,7.20%,-
983,1040,基德VS高明 被盯上的唇（前篇）,キッドVS高明 狙われた唇（前編）,2020/10/3,7.80%,File.1018-1021
984,1041,基德VS高明 被盯上的唇（後篇）,キッドVS高明 狙われた唇（後編）,2020/10/10,8.90%,File.1018-1021
985,1042,兩副面孔（前篇）,二つの素顔（前編）,2020/10/24,7.40%,-
986,1043,兩副面孔（後篇）,二つの素顔（後編）,2020/10/31,7.50%,-
987,1044,公司解散派對,會社解散パーティー,2020/11/7,7.30%,-
988,1045,關係不和的少女們,いがみ合う乙女達,2020/11/14,7.90%,-
989,1046,步美的繪畫日記事件簿,歩美の絵日記事件簿,2020/12/5,7.90%,-
990,1047,自動發生的悲劇（前篇）,オートマティック悲劇（前編）,2020/12/12,7.20%,-
991,1048,自動發生的悲劇（後篇）,オートマティック悲劇（後編）,2020/12/19,8.00%,-
992,1049,民居咖啡廳的事件,町家カフェでの事件,2020/12/26,9.30%,-
993,1050,代演·京極真（前篇）,代役·京極真（前編）,2021/1/9,8.70%,File.1022-1026
994,1051,代演·京極真（中篇）,代役·京極真（中編）,2021/1/16,8.30%,File.1022-1026
995,1052,代演·京極真（後篇）,代役·京極真（後編）,2021/1/23,8.70%,File.1022-1026
996,1053,有能之鷹不露罪行,能ある鷹は罪を隱す,2021/1/30,7.70%,-
997,1054,微笑之鄉的陰謀,スマイルの裡の陰謀,2021/2/13,7.50%,-
998,1055,憎恨的平底鍋,憎しみのフライパン,2021/2/20,7.00%,-
999,1056,令人困擾的善意,迷惑な親切心,2021/2/27,7.30%,-
1000,1057,鋼琴奏鳴曲《月光》殺人事件（前篇）,ピアノソナタ「月光」殺人事件（前編）,2021/3/6,7.20%,File.62-67
1001,1058,鋼琴奏鳴曲《月光》殺人事件（後篇）,ピアノソナタ「月光」殺人事件（後編）,2021/3/13,8.20%,File.62-67
1002,1059,米花商業街垃圾之謎,米花商店街ダストミステリー,2021/4/17,7.70%,-
1003,1060,36格的完美犯罪（前篇）,36マスの完全犯罪（前編）,2021/4/24,6.30%,File.1027-1031
1004,1061,36格的完美犯罪（中篇）,36マスの完全犯罪（中編）,2021/5/1,7.30%,File.1027-1031
1005,1062,36格的完美犯罪（後篇）,36マスの完全犯罪（後編）,2021/5/8,6.70%,File.1027-1031
1006,1063,是誰下的毒,毒を入れたのは誰,2021/5/15,6.50%,-
1007,1064,復仇者（前篇）,復讐者（前編）,2021/6/5,6.80%,-
1008,1065,復仇者（後篇）,復讐者（後編）,2021/6/12,6.60%,-
1009,1066,失物散發事件氣息,落とし物は事件のにおい,2021/6/19,6.80%,-
1010,1067,抹去笑容的偶像,笑顔を消したアイドル,2021/6/26,6.90%,-
1011,1068,采野菜與四葉草（前篇）,山菜狩りとクローバー（前編）,2021/7/10,6.60%,File.1032-1034
1012,1069,采野菜與四葉草（後篇）,山菜狩りとクローバー（後編）,2021/7/17,5.40%,File.1032-1034
1013,1070,過於癡情的男子,愛しすぎた男,2021/7/24,5.00%,-
1014,1071,人稱魔王的小說家,魔王と呼ばれた小説家,2021/7/31,4.00%,-
1015,1072,盯梢,張り込み,2021/8/14,7.30%,-
1016,1073,單軌電車狙擊事件（前篇）,モノレール狙撃事件（前編）,2021/8/28,6.90%,-
1017,1074,單軌電車狙擊事件（後篇）,モノレール狙撃事件（後編）,2021/9/4,7.30%,-
1018,1075,藏不住的古董盤（前篇）,骨董盆は隠せない（前編）,2021/9/11,6.90%,File.1035-1038
1019,1076,藏不住的古董盤（中篇）,骨董盆は隠せない（中編）,2021/9/18,7.70%,File.1035-1038
1020,1077,藏不住的古董盤（後篇）,骨董盆は隠せない（後編）,2021/9/25,7.60%,File.1035-1038
1021,1078,狐朋狗友的圓舞曲,悪友たちの輪舞,2021/10/2,6.30%,-
1022,1079,被詛咒的博物館,呪いのミュージアム,2021/10/9,6.80%,-
1023,1080,汽笛聲縈繞的舊書店3,汽笛の聞こえる古書店3,2021/10/16,7.20%,-
1024,1081,大岡紅葉的挑戰書（前篇）,大岡紅葉の挑戦狀（前編）,2021/10/30,7.40%,File.1039-1042
1025,1082,大岡紅葉的挑戰書（後篇）,大岡紅葉の挑戦狀（後編）,2021/11/6,7.10%,File.1039-1042
1026,1083,有口難言的目擊者,言えない目撃者,2021/11/13,6.30%,-
1027,1084,窗簾的另一側,カーテンの向こう側,2021/11/20,7.00%,-
1028,1085,蛋糕女的敘事曲,ケーキを愛する女のバラード,2021/11/27,6.70%,-
1029,1086,警察學校篇 Wild Police Story CASE.松田陣平,警察学校編 Wild Police Story CASE.松田陣平,2021/12/4,6.90%,WPCase.1-3
1030,1087,空白的一年（前篇）,空白の一年（前編）,2021/12/11,7.00%,-
1031,1088,空白的一年（後篇）,空白の一年（後編）,2021/12/18,7.00%,-
1032,1089,模特，毛利蘭,モデル、毛利蘭,2021/12/25,7.10%,-
1033,1090,太閣名人的將棋盤（初手篇）,太閤名人の將棋盤（初手編）,2022/1/8,7.40%,File.1043-1046
1034,1091,太閣名人的將棋盤（妙手篇）,太閤名人の將棋盤（妙手編）,2022/1/15,7.70%,File.1043-1046
1035,1092,太閣名人的將棋盤（王手篇）,太閤名人の將棋盤（王手編）,2022/1/22,7.10%,File.1043-1046
1036,1093,冰天雪地（前篇）,ホワイトアウト（前編）,2022/1/29,7.30%,-
1037,1094,冰天雪地（後篇）,ホワイトアウト（後編）,2022/2/5,7.10%,-
1038,1095,警察學校篇 Wild Police Story CASE.伊達航,警察学校編 Wild Police Story CASE.伊達航,2022/3/12,6.30%,WPCase.4-6
1039,1096,飛天的萬聖南瓜,空飛ぶハロウィンカボチャ,2022/4/16,5.60%,-
1040,1097,步美的繪畫日記事件簿2,歩美の絵日記事件簿2,2022/4/23,6.10%,-
1041,1098,不能說的不在場證明,言えないアリバイ,2022/4/30,5.50%,-
1042,1099,警察學校篇 Wild Police Story CASE.萩原研二,警察学校編 Wild Police Story CASE.萩原研二,2022/5/7,6.20%,WPCase.7-9
1043,1100,復仇的模型,復讐のフィギュア,2022/5/14,6.00%,-
1044,1101,豬肉湯是拼上性命的信號,豚汁は命がけの合図,2022/5/21,6.60%,-
1045,1102,天罰降臨的生日派對（前篇）,天罰くだる誕生パーティー（前編）,2022/6/4,5.90%,File.1047-1050
1046,1103,天罰降臨的生日派對（後篇）,天罰くだる誕生パーティー（後編）,2022/6/11,6.60%,File.1047-1050
1047,1104,紅色綿羊的恐怖遊戲（前篇）,赤いヒツジの不気味なゲーム（前編）,2022/6/18,6.30%,-
1048,1105,紅色綿羊的恐怖遊戲（後篇）,赤いヒツジの不気味なゲーム（後編）,2022/6/25,5.30%,-
1049,1106,目暮，刑警生涯的危機,目暮、刑事人生の危機,2022/7/9,5.70%,-
1050,1107,森川宅邸的陰謀（前篇）,森川禦殿の陰謀（前編）,2022/7/16,5.40%,-
1051,1108,森川宅邸的陰謀（後篇）,森川禦殿の陰謀（後編）,2022/7/23,5.60%,-
1052,1109,少年偵探團的試膽冒險,少年探偵団の肝試し,2022/7/30,6.30%,-
1053,1110,墜落於牧場的火種（前篇）,牧場に墜ちた火種（前編）,2022/8/6,5.90%,File.1051-1054
1054,1111,墜落於牧場的火種（後篇）,牧場に墜ちた火種（後編）,2022/8/13,6.70%,File.1051-1054
1055,1112,變成幽靈去復仇,幽霊になって復讐を,2022/9/3,5.90%,-
1056,1113,希望要回那個人,あの人を取り戻したい,2022/9/17,6.30%,-
1057,1114,一群惡人,わるいやつら,2022/9/24,6.20%,-
1058,1115,賴在警察局的男子,員警に居座った男,2022/10/1,6.40%,-
1059,1116,沖野洋子與閣樓密室（前篇）,沖野ヨーコと屋根裏の密室（前編）,2022/10/8,5.00%,File.1055-1057
1060,1117,沖野洋子與閣樓密室（後篇）,沖野ヨーコと屋根裏の密室（後編）,2022/10/15,6.50%,File.1055-1057
1061,1118,警察學校篇 Wild Police Story CASE.諸伏景光,警察学校編 Wild Police Story CASE.諸伏景光,2022/10/29,6.70%,WPCase.10-12
1062,1119,雨與惡意的螺旋,雨と悪意のスパイラル,2022/11/5,6.90%,-
1063,1120,被盯上的雛雞鑒定師,狙われたひよこ鑑定士,2022/11/12,6.30%,-
1064,1121,迷夢貴婦，最後的戀愛,夢見る貴婦人、最後の戀,2022/11/19,6.30%,-
1065,1122,無法沉睡的偵探,探偵は眠らない,2022/11/26,6.70%,-
1066,1123,直至死亡將二人分開,死が二人を分かつまで,2022/12/3,7.10%,-
1067,1124,戀愛的商業街,戀する商店街,2022/12/24,7.00%,-
1068,1125,圓谷光彥的偵探筆記,円穀光彥の探偵ノート,2023/1/7,6.90%,-
1069,1126,電話那頭的甜美聲音,受話器ごしのスウィートボイス,2023/1/14,6.30%,-
1070,1127,驚喜是悲劇的開端,サプライズは悲劇のはじまり,2023/1/21,6.90%,-
1071,1128,工藤優作的推理秀（前篇）,工藤優作の推理ショー（前編）,2023/1/28,6.80%,File.1058-1060
1072,1129,工藤優作的推理秀（後篇）,工藤優作の推理ショー（後編）,2023/2/4,6.50%,File.1058-1060
1073,1130,偵探團的搶劫案大追蹤,探偵団の引ったくり大追跡,2023/2/11,7.20%,-
1074,1131,河豚火鍋對決推理之旅（門司港·小倉篇）,てっちり対決ミステリーツアー（門司港·小倉編）,2023/2/18,6.30%,-
1075,1132,河豚火鍋對決推理之旅（下關篇）,てっちり対決ミステリーツアー（下関編）,2023/2/25,7.00%,-
1076,1133,天才社長的絕密計畫,カリスマ社長の極秘計畫,2023/3/4,6.50%,-
-,1134,警察學校篇 Wild Police Story CASE.降谷零,警察学校編 Wild Police Story CASE.降谷零,2023/3/11,5.60%,WPCase.13
1077,1135,黑衣組織的謀略（狩獵）,黒ずくめの謀略（狩り）,2023/3/25,6.20%,File.1061-1066
1078,1136,黑衣組織的謀略（登陸）,黒ずくめの謀略（上陸）,2023/4/1,5.80%,File.1061-1066
1079,1137,黑衣組織的謀略（真身）,黒ずくめの謀略（正體）,2023/4/8,6.60%,File.1061-1066
1080,1138,對準灰原的攝像頭,灰原を狙うカメラ,2023/4/15,6.60%,-
1081,1139,愛犬小胖是好孩子,愛犬パン君はおりこうさん,2023/4/22,6.30%,-
1082,1140,悲哀的背叛小巷,哀しみの裏切り橫丁,2023/4/29,6.00%,-
1083,1141,J聯賽決戰的幕後,Jリーグ決戦の舞臺裏,2023/5/13,5.70%,-
1084,1142,冰冷的男子們,冷え切った男達,2023/5/20,5.30%,-
1085,1143,不吉利的結緣（前篇）,不吉な縁結び（前編）,2023/6/3,5.30%,File.1067-1069
1086,1144,不吉利的結緣（後篇）,不吉な縁結び（後編）,2023/6/10,5.60%,File.1067-1069
1087,1145,步美的繪畫日記事件簿3,歩美の絵日記事件簿3,2023/6/17,5.50%,-
1088,1146,不幸而可疑的被害者,不運で不審な被害者,2023/6/24,5.30%,-
1089,1147,天才餐廳,天才レストラン,2023/7/8,5.30%,-
1090,1148,消失于沉睡街道的犯人,眠れる街に消えた犯人,2023/7/15,4.50%,-
1091,1149,女生聚會謎案,女子會ミステリー,2023/7/22,4.80%,-
1092,1150,盯梢2,張り込み2,2023/7/29,5.20%,-
1093,1151,宮野明美的時間膠囊（前篇）,宮野明美のタイムカプセル（前編）,2023/8/5,4.70%,File.1070-1072
1094,1152,宮野明美的時間膠囊（後篇）,宮野明美のタイムカプセル（後編）,2023/8/12,4.70%,File.1070-1072
1095,1153,失蹤男子的夢想,消えた男の夢,2023/9/2,4.80%,-
1096,1154,圓谷光彥的偵探筆記2,円穀光彥の探偵ノート2,2023/9/9,5.70%,-
1097,1155,是我做的嗎？,私がやりましたか？,2023/9/16,5.60%,-
1098,1156,風之女神·萩原千速（前篇）,風の女神·萩原千速（前編）,2023/9/23,6.70%,File.1073-1075
1099,1157,風之女神·萩原千速（後篇）,風の女神·萩原千速（後編）,2023/9/30,6.90%,File.1073-1075
1100,1158,可疑的2000萬日元,疑惑の2000萬円,2023/10/14,6.00%,-
1101,1159,不死男子的尊嚴,不死身男のプライド,2023/10/21,5.30%,-
1102,1160,赤牛與3個福男,赤べこと3人の福男,2023/11/4,6.50%,-
1103,1161,青春小說中的犯罪氣息,青春小説に罪の匂い,2023/11/11,5.90%,-
1104,1162,真凶逃跑中,真犯人は逃走中,2023/11/18,6.50%,-
1105,1163,基德VS安室 王妃的劉海（前篇）,キッドVS安室 王妃の前髪（前編）,2023/12/2,6.40%,File.1076-1078
1106,1164,基德VS安室 王妃的劉海（後篇）,キッドVS安室 王妃の前髪（後編）,2023/12/9,6.50%,File.1076-1078
1107,1165,被陷害的是我,ハメられたのは私,2023/12/16,6.30%,-
1108,1166,卡牌中隱藏的秘密,カードに伏せられた秘密,2023/12/23,7.00%,-
1109,1167,高木、伊達與手帳中的約定（前篇）,高木と伊達と手帳の約束（前編）,2024/1/6,6.70%,File.1079-1081
1110,1168,高木、伊達與手帳中的約定（後篇）,高木と伊達と手帳の約束（後編）,2024/1/13,7.40%,File.1079-1081
1111,1169,魯布·戈德堡機械（前篇）,ルーブ·ゴールドバーグマシン（前編）,2024/1/20,6.60%,-
1112,1170,魯布·戈德堡機械（後篇）,ルーブ·ゴールドバーグマシン（後編）,2024/1/27,6.20%,-
1113,1171,獻給你最後的晚餐,ラスト·ディナーをあなたに,2024/2/3,6.40%,-
1114,1172,引起騷動的挾持據守,お騒がせな籠城,2024/2/10,5.80%,-
1115,1173,千速與重悟的相親派對（前篇）,千速と重悟の婚活パーティー（前編）,2024/3/2,5.90%,File.1085-1087
1116,1174,千速與重悟的相親派對（後篇）,千速と重悟の婚活パーティー（後編）,2024/3/9,5.70%,File.1085-1087
1117,1175,空手道老師，毛利蘭,空手の先生、毛利蘭,2024/3/16,5.80%,-
1118,1176,女生聚會謎案2,女子會ミステリー2,2024/3/23,6.40%,-
1119,1177,只有4人的同學會,4人だけの同窓會,2024/4/6,5.60%,-
1120,1178,寶物損毀之謎,失われたお寶ミステリー,2024/4/13,5.30%,-
1121,1179,過於危險的蜜瓜園,あぶなすぎるメロン畑,2024/4/27,6.30%,-
1122,1180,暗中監視3,張り込み3,2024/5/4,5.40%,-
1123,1181,群馬與長野 縣邊境上的遺體（上集）,長野と群馬 県境の遺體（前編）,2024/5/11,5.90%,File.1082-1084
1124,1182,群馬與長野 縣邊境上的遺體（下集）,長野と群馬 県境の遺體（後編）,2024/5/18,5.60%,File.1082-1084
1125,1183,步美的圖繪日記事件簿4,歩美の絵日記事件簿4,2024/6/1,5.20%,-
1126,1184,心盪神迷的偵探,逆上せあがった探偵,2024/6/8,5.60%,-
1127,1185,THE偵訊室2,ザ·取調室2,2024/6/15,5.60%,-
1128,1186,柯南與目暮 兩名人質（上集）,コナンと目暮 2人の人質（前編）,2024/6/22,5.20%,-
1129,1187,柯南與目暮 兩名人質（下集）,コナンと目暮 2人の人質（後編）,2024/6/29,4.60%,-
1130,1188,疑似出軌的三重協作（上集）,トリプルコラボの浮気疑惑（前編）,2024/7/20,5.80%,File.1091-1093
1131,1189,疑似出軌的三重協作（下集）,トリプルコラボの浮気疑惑（後編）,2024/8/3,4.60%,File.1091-1093
1132,1190,圓谷光彥的偵探筆記3,円谷光彥の探偵ノート3,2024/8/17,5.40%,-
1133,1191,最佳丈夫,ベストハズバンド,2024/8/24,-,-
